mate,type,occ1,cs1_origin_mm_local,cs1_z_local,occ2,cs2_origin_mm_local,cs2_z_local,limits(deg or mm)
Revolute 1,REVOLUTE,Assem5^Robotic Hand_V5_simulacra <1> / first_thumb_hinge <1>,"[0.0, 0.0, 2.5]","[0.0, 0.0, -1.0]",second_thumb_hinge <1>,"[0.0, 0.0, -14.75]","[0.0, 0.0, 1.0]","{'limitAxialZMax': 25.0, 'limitAxialZMin': -125.0}"
Planar 1,PLANAR,Metacarpal Bone_V02 <4>,"[23.5, 0.0, 7.5]","[0.0, 0.0, 1.0]",Palm_rigid <1> / driver_side_palm_cover3 <1>,"[-12.398, 8.802, 28.368]","[-0.0, 0.0, 1.0]",{}
Revolute 2,REVOLUTE,third_thumb_hinge <1>,"[0.0, -9.563, 0.0]","[0.0, 1.0, 0.0]",second_thumb_hinge <1>,"[0.075, -0.0, -4.75]","[-1.0, 0.0, 0.0]","{'limitAxialZMax': 15.0, 'limitAxialZMin': -15.0}"
Revolute 3,REVOLUTE,Metacarpal Bone_V02 <4>,"[7.5, 0.0, 0.0]","[-0.0, -1.0, 0.0]",third_thumb_hinge <1>,"[0.0, -25.8, -0.0]","[-0.076, 0.0, -0.997]","{'limitAxialZMax': 90.0, 'limitAxialZMin': 0.0}"
Revolute 4,REVOLUTE,Proximal Phalanx Bone_V02 <3>,"[7.5, 0.0, -0.0]","[0.0, 1.0, 0.0]",Metacarpal Bone_V02 <4>,"[39.5, 0.025, 0.0]","[-0.0, 1.0, -0.0]","{'limitAxialZMax': 0.0, 'limitAxialZMin': -90.0}"
Revolute 5,REVOLUTE,Palm_rigid <1> / driver_side_palm_cover3 <1>,"[21.906, -5.198, -36.368]","[0.0, -0.0, 1.0]",Assem5^Robotic Hand_V5_simulacra <1> / hand_pulley_wheel_thumb <1>,"[0.0, 0.0, 40.25]","[0.0, 0.0, -1.0]","{'limitAxialZMax': 75.0, 'limitAxialZMin': -70.0}"
Revolute 6,REVOLUTE,Distal Phalanx Bone_V02 <5>,"[29.3, 0.0, 0.0]","[0.0, -1.0, 0.0]",Proximal Phalanx Bone_V02 <3>,"[49.2, 0.0, -0.0]","[0.0, 1.0, 0.0]","{'limitAxialZMax': 0.0, 'limitAxialZMin': -90.0}"
Revolute 7,REVOLUTE,Metacarpal Bone_V02 <3>,"[7.5, 0.0, 0.0]","[-0.0, -1.0, 0.0]",Base Bone 1_V02 <4>,"[7.5, 0.0, 0.0]","[0.0, 1.0, 0.0]","{'limitAxialZMax': 90.0, 'limitAxialZMin': 0.0}"
Revolute 8,REVOLUTE,Metacarpal Bone_V02_pinky <1>,"[7.5, 0.0, 0.0]","[-0.0, -1.0, 0.0]",Base Bone 1_V02 <3>,"[7.5, 0.0, 0.0]","[0.0, 1.0, 0.0]","{'limitAxialZMax': 90.0, 'limitAxialZMin': 0.0}"
Revolute 9,REVOLUTE,Proximal Phalanx Bone_V02_pinky <1>,"[7.5, 0.0, -0.0]","[0.0, 1.0, 0.0]",Metacarpal Bone_V02_pinky <1>,"[32.5, 0.0, 0.0]","[-0.0, 1.0, -0.0]","{'limitAxialZMax': 360.0, 'limitAxialZMin': 270.0}"
Revolute 10,REVOLUTE,Proximal Phalanx Bone_V02_pinky <1>,"[39.2, 0.0, -0.0]","[0.0, 1.0, 0.0]",Distal Phalanx Bone_V02 <4>,"[29.3, 0.0, 0.0]","[0.0, -1.0, 0.0]","{'limitAxialZMax': 90.0, 'limitAxialZMin': 0.0}"
Revolute 11,REVOLUTE,Proximal Phalanx Bone_V02 <2>,"[7.5, 0.0, -0.0]","[0.0, 1.0, 0.0]",Metacarpal Bone_V02 <3>,"[39.5, 0.0, 0.0]","[-0.0, 1.0, -0.0]","{'limitAxialZMax': 0.0, 'limitAxialZMin': -90.0}"
Revolute 12,REVOLUTE,Distal Phalanx Bone_V02 <3>,"[29.3, 0.0, 0.0]","[0.0, -1.0, 0.0]",Proximal Phalanx Bone_V02 <2>,"[49.2, 0.0, -0.0]","[0.0, 1.0, 0.0]","{'limitAxialZMax': 0.0, 'limitAxialZMin': -90.0}"
Revolute 13,REVOLUTE,Proximal Phalanx Bone_V02_middlefinger <1>,"[7.5, 0.0, -0.0]","[0.0, 1.0, 0.0]",Metacarpal Bone_V02 <2>,"[39.5, 0.0, 0.0]","[-0.0, 1.0, -0.0]","{'limitAxialZMax': 0.0, 'limitAxialZMin': -90.0}"
Revolute 14,REVOLUTE,Distal Phalanx Bone_V02 <2>,"[29.3, 0.0, 0.0]","[0.0, -1.0, 0.0]",Proximal Phalanx Bone_V02_middlefinger <1>,"[57.2, 0.0, -0.0]","[0.0, 1.0, 0.0]","{'limitAxialZMax': 0.0, 'limitAxialZMin': -90.0}"
Revolute 15,REVOLUTE,Metacarpal Bone_V02 <1>,"[7.5, 0.0, 0.0]","[-0.0, -1.0, 0.0]",Base Bone 1_V02 <1>,"[7.5, 0.0, 0.0]","[0.0, 1.0, 0.0]","{'limitAxialZMax': 90.0, 'limitAxialZMin': 0.0}"
Revolute 16,REVOLUTE,Proximal Phalanx Bone_V02 <1>,"[7.5, 0.0, -0.0]","[0.0, 1.0, 0.0]",Metacarpal Bone_V02 <1>,"[39.5, 0.0, 0.0]","[-0.0, 1.0, -0.0]","{'limitAxialZMax': 0.0, 'limitAxialZMin': -90.0}"
Revolute 17,REVOLUTE,Distal Phalanx Bone_V02 <1>,"[29.3, 0.0, 0.0]","[0.0, -1.0, 0.0]",Proximal Phalanx Bone_V02 <1>,"[49.2, 0.0, -0.0]","[0.0, 1.0, 0.0]","{'limitAxialZMax': 0.0, 'limitAxialZMin': -90.0}"
Revolute 18,REVOLUTE,Metacarpal Bone_V02 <2>,"[7.5, 0.0, 0.0]","[-0.0, -1.0, 0.0]",Base Bone 1_V02 <2>,"[7.5, 0.0, 0.0]","[0.0, 1.0, 0.0]","{'limitAxialZMax': 90.0, 'limitAxialZMin': 0.0}"
Revolute 19,REVOLUTE,Base Bone 1_V02 <3>,"[25.844, -0.0, 0.0]","[0.0, 0.0, 1.0]",Palm_rigid <1> / Base Bone 1.2_V02_pinky <1>,"[89.3, -0.0, 0.0]","[0.0, -1.0, 0.0]","{'limitAxialZMax': 15.0, 'limitAxialZMin': -15.0}"
Revolute 20,REVOLUTE,Palm_rigid <1> / Base Bone 1.2_V02_ringfing <1>,"[89.3, -6.25, 0.0]","[0.0, -1.0, 0.0]",Base Bone 1_V02 <4>,"[25.844, -0.0, 6.25]","[0.0, 0.0, 1.0]","{'limitAxialZMax': 15.0, 'limitAxialZMin': -15.0}"
Revolute 21,REVOLUTE,Base Bone 1_V02 <2>,"[25.844, -0.0, 0.0]","[0.0, 0.0, 1.0]",Palm_rigid <1> / Base Bone 1.2_V02_middlefinger <1>,"[89.3, -0.0, 0.0]","[0.0, -1.0, 0.0]","{'limitAxialZMax': 15.0, 'limitAxialZMin': -15.0}"
Revolute 22,REVOLUTE,Base Bone 1_V02 <1>,"[25.844, -0.0, 0.0]","[0.0, 0.0, 1.0]",Palm_rigid <1> / Base Bone 1.2_V02_pointerfinger_and_thumb_attachment <1>,"[89.3, -0.001, 0.0]","[0.0, -1.0, 0.0]","{'limitAxialZMax': 15.0, 'limitAxialZMin': -15.0}"
