seat,finger,host part,seat mid X,Y,Z (mm),can axis x,y,z
I1,index,Base Bone 1.2_V02_pointerfinger_and_thumb_attachment <1>,-142.2,-0.6,-6.9,0.86,0.0,-0.51
I2,index,Base Bone 1.2_V02_pointerfinger_and_thumb_attachment <1>,-122.3,-0.6,-6.9,0.86,0.0,-0.51
I3,index,Base Bone 1.2_V02_pointerfinger_and_thumb_attachment <1>,-102.4,-0.6,-6.9,0.86,0.0,-0.51
M1,middle,Base Bone 1.2_V02_middlefinger <1>,-142.0,-19.8,-6.9,0.857,-0.075,-0.51
M2,middle,Base Bone 1.2_V02_middlefinger <1>,-122.1,-21.5,-6.9,0.857,-0.075,-0.51
M3,middle,Base Bone 1.2_V02_middlefinger <1>,-102.3,-23.3,-6.9,0.857,-0.075,-0.51
R1,ring,Base Bone 1.2_V02_ringfing <1>,-144.4,-38.8,-6.9,0.847,-0.149,-0.51
R2,ring,Base Bone 1.2_V02_ringfing <1>,-124.7,-42.3,-6.9,0.847,-0.149,-0.51
R3,ring,Base Bone 1.2_V02_ringfing <1>,-105.1,-45.8,-6.9,0.847,-0.149,-0.51
P1,pinky,Base Bone 1.2_V02_pinky <1>,-148.4,-57.6,-6.9,0.831,-0.223,-0.51
P2,pinky,Base Bone 1.2_V02_pinky <1>,-129.2,-62.8,-6.9,0.831,-0.223,-0.51
P3,pinky,Base Bone 1.2_V02_pinky <1>,-109.9,-67.9,-6.9,0.831,-0.223,-0.51
RW,ring,Palm_bone1 segment (seat seen as window in palm_bone_flex),-173.2,-33.8,-5.2,0.848,-0.145,-0.51
MW,middle,Palm_bone1 segment (seat seen as window in palm_bone_flex),-171.0,-17.3,-5.3,0.857,-0.075,-0.51
IW,index,Palm_bone1 segment (seat seen as window in palm_bone_flex),-171.5,-0.6,-5.2,0.859,-0.005,-0.512
PW,pinky,Palm_bone1 segment (seat seen as window in palm_bone_flex),-176.6,-49.7,-5.2,0.83,-0.223,-0.511
T1,thumb,driver_side_palm_cover3,-185.8,20.7,-54.9,0.0,0.0,1.0
T2,thumb,driver_side_palm_cover3,-147.9,26.9,-42.9,0.0,0.0,1.0
T3,thumb,driver_side_palm_cover3,-165.7,21.3,-47.3,0.0,0.0,1.0
