instance,model,hidden,kind,centre_os,tight_size_model_xyz,model_x_os,model_y_os,model_z_os,world_aabb_os,note
Battery_case-1/Shell1-1,Shell1,False,battery-case/shell,-125.34 -31.19 -36.63,110.48 66.43 120.00,0.1305 0.9914 0.0000,0.0000 0.0000 -1.0000,-0.9914 0.1305 0.0000,-190.01 -93.59 -69.85 -58.65 15.75 -3.42,
Battery_case-1/battery_FINAL_6v_28mAh-1,battery_FINAL_6v_28mAh,False,battery-cell,-123.49 -31.65 -52.99,70.00 14.50 51.00,0.9911 -0.1305 0.0260,-0.0262 0.0000 0.9997,-0.1305 -0.9914 -0.0034,-161.51 -61.50 -61.05 -85.47 -1.80 -44.94,
Battery_case-1/cav_battery_FINAL_6v_28mAh-1,cav_battery_FINAL_6v_28mAh,False,battery-cell,-123.49 -31.65 -52.99,70.50 15.00 51.50,0.9911 -0.1305 0.0260,-0.0262 0.0000 0.9997,-0.1305 -0.9914 -0.0034,-161.81 -61.78 -61.32 -85.17 -1.52 -44.67,
Battery_case-1/battery_cover_better-1,battery_cover_better,False,battery-case/shell,-123.60 -31.84 -53.34,96.28 19.60 69.40,0.9901 -0.1305 0.0523,-0.0523 0.0034 0.9986,-0.1305 -0.9914 -0.0034,-172.71 -69.53 -62.14 -73.39 6.16 -43.45,
Battery_case-1/m2x5_batt_assemb-1,m2x5_batt_assemb,False,sub-assembly,-82.97 -50.16 -52.64,4.50 5.20 18.13,0.1133 -0.9389 0.3249,-0.9662 -0.1803 -0.1841,0.2314 -0.2931 -0.9276,-86.15 -55.16 -62.02 -78.36 -46.43 -43.81,
Battery_case-1/Part1^Battery_case-1,Part1^Battery_case,False,,,,,,,,no geometry (virtual part or sub-assembly)
Battery_case-1/m2x5_batt_assemb-2,m2x5_batt_assemb,False,sub-assembly,-104.70 -65.01 -49.07,4.50 5.20 18.13,0.9202 -0.2702 0.2832,-0.3828 -0.7725 0.5067,0.0819 -0.5747 -0.8143,-106.76 -72.22 -57.77 -101.39 -58.89 -41.04,
Battery_case-1/m2x5_batt_assemb-3,m2x5_batt_assemb,False,sub-assembly,-150.44 -58.98 -50.27,4.50 5.20 18.13,-0.9721 -0.0210 0.2337,-0.1433 0.8418 -0.5205,-0.1858 -0.5394 -0.8213,-154.50 -66.06 -59.07 -147.66 -53.15 -42.19,
Battery_case-1/m2x5_batt_assemb-4,m2x5_batt_assemb,False,sub-assembly,-167.38 -39.04 -54.85,4.50 5.20 18.13,0.3689 0.8754 -0.3123,0.8948 -0.4254 -0.1353,-0.2513 -0.2295 -0.9403,-171.98 -43.64 -64.25 -164.02 -35.87 -45.95,
Battery_case-1/m2x5_batt_assemb-5,m2x5_batt_assemb,False,sub-assembly,-96.77 -4.72 -48.86,4.50 5.20 18.13,0.9585 0.0210 0.2842,0.1703 -0.8418 -0.5123,0.2285 0.5394 -0.8104,-99.93 -10.55 -57.54 -92.32 2.36 -40.86,
Battery_case-1/m2x5_batt_assemb-6,m2x5_batt_assemb,False,sub-assembly,-79.61 -24.66 -52.55,4.50 5.20 18.13,-0.3521 -0.8754 -0.3312,-0.8865 0.4254 -0.1820,0.3002 0.2295 -0.9258,-83.40 -27.83 -61.93 -74.59 -20.06 -43.74,
Battery_case-1/m2x5_batt_assemb-7,m2x5_batt_assemb,False,sub-assembly,-142.51 1.30 -50.06,4.50 5.20 18.13,0.9338 -0.2702 -0.2347,-0.3557 -0.7725 -0.5260,-0.0391 0.5747 -0.8175,-145.42 -4.82 -58.84 -140.22 8.52 -42.01,
Battery_case-1/m2x5_batt_assemb-8,m2x5_batt_assemb,False,sub-assembly,-164.02 -13.55 -54.76,4.50 5.20 18.13,-0.1301 0.9389 0.3186,0.9745 0.1803 -0.1333,-0.1826 0.2931 -0.9385,-168.21 -17.27 -64.16 -161.27 -8.54 -45.87,
Battery_case-1/Shell1cavforbatt-1,Shell1cavforbatt,True,cut-tool,-125.34 -31.19 -36.39,110.48 66.45 120.00,0.1305 0.9914 0.0000,0.0000 0.0000 -1.0000,-0.9914 0.1305 0.0000,-190.01 -93.59 -69.61 -58.65 15.75 -3.17,
