instance,model,hidden,centre_os,size_model_xyz,component_side_normal_os(model+z),long_axis_os(model+x),short_axis_os(model+y),nearest_printed_parts,usb_connector_centre_os,usb_opening_dir_os(model+x),header_pins_dir_os(model-z)
DC Motor Driver .step-9,DC Motor Driver .step,False,-182.13 -22.03 -26.49,24.70 21.00 5.00,0.9914 -0.1305 0.0000,-0.1305 -0.9914 0.0009,-0.0001 -0.0009 -1.0000,cover_back-1 0.07 mm; Battery_case-1/Shell1-1 16.65 mm; Shell2-1 24.44 mm,,,
DC Motor Driver .step-2,DC Motor Driver .step,False,-163.77 -62.45 -10.89,24.70 21.00 5.00,0.2588 0.9659 0.0000,-0.9659 0.2588 0.0000,0.0000 0.0000 1.0000,driver_side_palm_cover2-1 0.00 mm; Base Bone 1.2_V02_pinky-1 0.27 mm; Palm_bone1-1 0.98 mm,,,
DC Motor Driver .step-3,DC Motor Driver .step,False,-139.91 -68.84 -10.89,24.70 21.00 5.00,0.2588 0.9659 0.0000,-0.9659 0.2588 0.0000,0.0000 0.0000 1.0000,driver_side_palm_cover2-1 0.00 mm; Base Bone 1.2_V02_pinky-1 0.28 mm; Palm_pinky-1 0.40 mm,,,
DC Motor Driver .step-15,DC Motor Driver .step,False,-131.09 13.25 -10.89,24.70 21.00 5.00,0.0000 -1.0000 0.0000,1.0000 0.0000 0.0000,0.0000 0.0000 1.0000,driver_side_palm_cover3-1 0.00 mm; thumb_ball_joint_cap-1 1.47 mm; Base Bone 1.2_V02_pointerfinger_and_thumb_attachment-1 3.61 mm,,,
DC Motor Driver .step-1,DC Motor Driver .step,False,-116.05 -75.24 -10.89,24.70 21.00 5.00,0.2588 0.9659 0.0000,-0.9659 0.2588 0.0000,0.0000 0.0000 1.0000,driver_side_palm_cover2-1 0.00 mm; Base Bone 1.2_V02_pinky-1 0.29 mm; Palm_pinky-1 0.82 mm,,,
DC Motor Driver .step-14,DC Motor Driver .step,False,-106.39 13.25 -10.89,24.70 21.00 5.00,0.0000 -1.0000 0.0000,1.0000 0.0000 0.0000,0.0000 0.0000 1.0000,driver_side_palm_cover3-1 0.00 mm; Base Bone 1.2_V02_pointerfinger_and_thumb_attachment-1 3.73 mm; Palm1-1 4.14 mm,,,
DC Motor Driver .step-4,DC Motor Driver .step,False,-92.19 -81.63 -10.89,24.70 21.00 5.00,0.2588 0.9659 0.0000,-0.9659 0.2588 0.0000,0.0000 0.0000 1.0000,driver_side_palm_cover2-1 0.00 mm; Base Bone 1.2_V02_pinky-1 0.20 mm; Base Bone 1_V02-8 0.91 mm,,,
DC Motor Driver .step-13,DC Motor Driver .step,False,-81.69 13.25 -10.89,24.70 21.00 5.00,0.0000 -1.0000 0.0000,1.0000 0.0000 0.0000,0.0000 0.0000 1.0000,driver_side_palm_cover3-1 0.00 mm; Battery_case-1/Shell1-1 0.44 mm; Base Bone 1.2_V02_pointerfinger_and_thumb_attachment-1 0.72 mm,,,
Mini Mega2560 PRO v1.1.stp-1,Mini Mega2560 PRO v1.1.stp,False,-187.23 -20.03 -27.15,57.00 37.40 14.41,-0.9914 0.1305 0.0000,0.1305 0.9914 0.0000,0.0000 0.0000 -1.0000,cover_back-1 0.05 mm; Palm_bone1-1 1.53 mm; Battery_case-1/Shell1-1 3.49 mm,-189.41 3.71 -27.10,0.1305 0.9914 0.0000,0.9914 -0.1305 0.0000
