instance,type,kind,parent,hidden,coincident_duplicate_of,head_or_centre_os,axis_os(head->tip),tip_os,hosts_inferred,nearest_printed_parts
m1.6 Nut .35mm pitch-3,M1.6 nut,nut-M1.6,(top),False,,-189.36 -46.48 -28.33,0.9914 -0.1305 0.0000,,"cover_back-1 [contact, m1_nut_cav]",cover_back-1 0.26 mm; Battery_case-1/Shell1-1 15.99 mm
m1.6 Nut .35mm pitch-4,M1.6 nut,nut-M1.6,(top),False,,-175.10 -9.99 -55.86,0.9914 -0.1305 0.0000,,"Battery_case-1/Shell1-1 [contact, m1_nut_cav]",Battery_case-1/Shell1-1 0.26 mm; Battery_case-1/battery_cover_better-1 5.32 mm; Shell2-1 7.15 mm
Mirrorm1_screw_assemb_copy-2/Mirrorm1.6 Nut .35mm pitch-1,M1.6 nut,nut-M1.6,Mirrorm1_screw_assemb_copy-2,False,,-174.69 33.45 1.75,0.0000 0.0000 -1.0000,,"Assem2^Robotic Hand_V5-1/second_thumb_hinge-1 [Mirrorm1_head_cav, Mirrorm1_hole_cav, Mirrorm1_nut_cav, contact]",Assem2^Robotic Hand_V5-1/second_thumb_hinge-1 0.26 mm; Assem2^Robotic Hand_V5-1/first_thumb_hinge-1 0.93 mm; Assem2^Robotic Hand_V5-1/first_thumb_hinge-2 0.93 mm
Mirrorm1_screw_assemb_copy-3/Mirrorm1.6 Nut .35mm pitch-1,M1.6 nut,nut-M1.6,Mirrorm1_screw_assemb_copy-3,False,,-158.71 27.68 -0.58,0.0000 0.0000 -1.0000,,Assem2^Robotic Hand_V5-1/third_thumb_hinge-1 [Mirrorm1_head_cav],Assem2^Robotic Hand_V5-1/third_thumb_hinge-1 1.58 mm; Assem2^Robotic Hand_V5-1/second_thumb_hinge-1 3.24 mm; Assem2^Robotic Hand_V5-1/Metacarpal Bone_V02-1 3.51 mm
Mirrorm1_screw_assemb_fingies-1/Mirrorm1.6 Nut .35mm pitch-1,M1.6 nut,nut-M1.6,Mirrorm1_screw_assemb_fingies-1,False,,42.07 -0.25 -0.52,-1.0000 0.0000 0.0000,,"Distal Phalanx Bone_V02-2 [Mirrorm1_head_cav, Mirrorm1_hole_cav, Mirrorm1_nut_cav, m1_nutopening_insertion_cav]",Distal Phalanx Bone_V02-2 0.38 mm
Mirrorm1_screw_assemb_fingies-2/Mirrorm1.6 Nut .35mm pitch-1,M1.6 nut,nut-M1.6,Mirrorm1_screw_assemb_fingies-2,False,,49.63 -36.20 -0.52,0.9962 -0.0872 0.0000,,"Distal Phalanx Bone_V02-4 [Mirrorm1_nut_cav, m1_nutopening_insertion_cav]",Distal Phalanx Bone_V02-4 0.38 mm
Mirrorm1_screw_assemb_fingies-3/Mirrorm1.6 Nut .35mm pitch-1,M1.6 nut,nut-M1.6,Mirrorm1_screw_assemb_fingies-3,False,,37.19 -70.50 -0.52,0.9848 -0.1736 0.0000,,"Distal Phalanx Bone_V02-5 [Mirrorm1_nut_cav, m1_nutopening_insertion_cav]",Distal Phalanx Bone_V02-5 0.38 mm
Mirrorm1_screw_assemb_fingies-4/Mirrorm1.6 Nut .35mm pitch-1,M1.6 nut,nut-M1.6,Mirrorm1_screw_assemb_fingies-4,False,,13.26 -100.57 -0.52,0.9659 -0.2588 0.0000,,"Distal Phalanx Bone_V02-6 [Mirrorm1_nut_cav, m1_nutopening_insertion_cav]",Distal Phalanx Bone_V02-6 0.38 mm
Mirrorm1_screw_assemb_fingies-5/Mirrorm1.6 Nut .35mm pitch-1,M1.6 nut,nut-M1.6,Mirrorm1_screw_assemb_fingies-5,False,,-79.48 95.03 -1.52,-0.7619 -0.6477 0.0000,,"Assem2^Robotic Hand_V5-1/Distal Phalanx Bone_V02-1 [Mirrorm1_head_cav, Mirrorm1_hole_cav, Mirrorm1_nut_cav, m1_nutopening_insertion_cav]; Assem2^Robotic Hand_V5-1/Distal Phalanx Bone_V02-2 [Mirrorm1_head_cav, Mirrorm1_hole_cav, Mirrorm1_nut_cav, m1_nutopening_insertion_cav]",Assem2^Robotic Hand_V5-1/Distal Phalanx Bone_V02-1 0.38 mm; Assem2^Robotic Hand_V5-1/Distal Phalanx Bone_V02-2 0.38 mm
m1_screw_assemb-1/m1.6 Nut .35mm pitch-1,M1.6 nut,nut-M1.6,m1_screw_assemb-1,False,,-172.66 8.51 -47.32,0.9914 -0.1305 0.0000,,"Battery_case-1/Shell1-1 [contact, m1_head_cav, m1_hole_cav]; cover_back-1 [m1_head_cav]",Battery_case-1/Shell1-1 0.29 mm; Shell2-1 7.33 mm; Battery_case-1/battery_cover_better-1 19.23 mm
m1_screw_assemb-2/m1.6 Nut .35mm pitch-1,M1.6 nut,nut-M1.6,m1_screw_assemb-2,False,,-182.72 3.92 -10.44,0.9914 -0.1305 0.0000,,"cover_back-1 [contact, m1_hole_cav]",cover_back-1 0.26 mm; Palm_bone1-1 3.09 mm; Assem2^Robotic Hand_V5-1/first_thumb_hinge-1 13.16 mm
m1_screw_assemb-4/m1.6 Nut .35mm pitch-1,M1.6 nut,nut-M1.6,m1_screw_assemb-4,False,,-181.28 -56.95 -46.68,0.9914 -0.1305 0.0000,,"Battery_case-1/Shell1-1 [contact, m1_head_cav, m1_hole_cav]; cover_back-1 [m1_head_cav]",Battery_case-1/Shell1-1 0.26 mm; Shell2-1 5.29 mm; driver_side_palm_cover2-1 5.30 mm
m1_screw_assemb-5/m1.6 Nut .35mm pitch-1,M1.6 nut,nut-M1.6,m1_screw_assemb-5,False,,-178.33 -34.51 -56.88,0.9914 -0.1305 0.0000,,"Battery_case-1/Shell1-1 [contact, m1_head_cav, m1_hole_cav]; cover_back-1 [m1_head_cav]",Battery_case-1/Shell1-1 0.26 mm; Battery_case-1/battery_cover_better-1 5.32 mm; Shell2-1 6.71 mm
m1_screw_assemb-6/m1.6 Nut .35mm pitch-1,M1.6 nut,nut-M1.6,m1_screw_assemb-6,False,,3.91 0.05 -0.53,0.9914 -0.1305 0.0000,,(none found),Proximal Phalanx Bone_V02-1 6.90 mm
m1_screw_assemb-7/m1.6 Nut .35mm pitch-1,M1.6 nut,nut-M1.6,m1_screw_assemb-7,False,m1_screw_assemb-6/m1.6 Nut .35mm pitch-1,3.91 0.05 -0.53,0.9914 -0.1305 0.0000,,(none found),Proximal Phalanx Bone_V02-1 6.90 mm
m1_screw_assemb_copy-1/m1.6 Nut .35mm pitch-1,M1.6 nut,nut-M1.6,m1_screw_assemb_copy-1,False,,-174.69 33.45 -4.80,0.0000 0.0000 1.0000,,"Assem2^Robotic Hand_V5-1/second_thumb_hinge-1 [contact, m1_head_cav, m1_hole_cav, m1_nut_cav]",Assem2^Robotic Hand_V5-1/second_thumb_hinge-1 0.26 mm; Assem2^Robotic Hand_V5-1/first_thumb_hinge-1 0.93 mm; Assem2^Robotic Hand_V5-1/first_thumb_hinge-2 0.93 mm
M2 x 0.4mm Thread HEX NUT.step-1,M2 hex nut,nut-M2,(top),True,,-157.63 6.27 14.13,-0.5774 -0.5774 -0.5774,,(none found),thumb_ball_joint_cap-1 2.70 mm; Metacarpal Bone_V02_thumb-1 3.56 mm; Assem2^Robotic Hand_V5-1/first_thumb_hinge-1 4.92 mm
M2 x 0.4mm Thread HEX NUT.step-2,M2 hex nut,nut-M2,(top),True,,-148.25 9.70 1.30,-0.5774 -0.5774 -0.5774,,(none found),Base Bone 1.2_V02_pointerfinger_and_thumb_attachment-1 1.43 mm; Assem2^Robotic Hand_V5-1/first_thumb_hinge-1 1.68 mm; Assem2^Robotic Hand_V5-1/first_thumb_hinge-2 1.68 mm
M2 x 0.4mm Thread HEX NUT.step-4,M2 hex nut,nut-M2,(top),False,,-185.33 -11.53 -27.50,-0.9914 0.1305 0.0000,,"cover_back-1 [driver_hole, m2_hole_cav_short, m2_nut_cav]",cover_back-1 0.35 mm; Battery_case-1/Shell1-1 24.19 mm
Battery_case-1/m2x5_batt_assemb-1/M2 x 0.4mm Thread HEX NUT.step-1,M2 hex nut,nut-M2,Battery_case-1/m2x5_batt_assemb-1,False,,-81.11 -52.51 -60.07,0.2314 -0.2931 -0.9276,,"Battery_case-1/Shell1-1 [contact, m2_hole_cav_battcover, m2_nut_cav]; Battery_case-1/battery_cover_better-1 [m2_hole_cav_battcover, m2_screwhead_cav]",Battery_case-1/Shell1-1 0.25 mm; Battery_case-1/battery_cover_better-1 1.81 mm; Shell2-1 5.99 mm
Battery_case-1/m2x5_batt_assemb-2/M2 x 0.4mm Thread HEX NUT.step-1,M2 hex nut,nut-M2,Battery_case-1/m2x5_batt_assemb-2,False,,-104.05 -69.61 -55.60,0.0819 -0.5747 -0.8143,,"Battery_case-1/Shell1-1 [contact, m2_hole_cav_battcover, m2_nut_cav]; Battery_case-1/battery_cover_better-1 [batt_cov_hole_for_allen, m2_hole_cav_battcover, m2_screwhead_cav]",Battery_case-1/Shell1-1 0.27 mm; Battery_case-1/battery_cover_better-1 2.23 mm; Shell2-1 13.30 mm
Battery_case-1/m2x5_batt_assemb-3/M2 x 0.4mm Thread HEX NUT.step-1,M2 hex nut,nut-M2,Battery_case-1/m2x5_batt_assemb-3,False,,-151.93 -63.31 -56.85,-0.1858 -0.5394 -0.8213,,"Battery_case-1/Shell1-1 [contact, m2_hole_cav_battcover, m2_nut_cav]; Battery_case-1/battery_cover_better-1 [batt_cov_hole_for_allen, m2_hole_cav_battcover, m2_screwhead_cav]",Battery_case-1/Shell1-1 0.27 mm; Shell2-1 2.56 mm; Battery_case-1/battery_cover_better-1 2.75 mm
Battery_case-1/m2x5_batt_assemb-4/M2 x 0.4mm Thread HEX NUT.step-1,M2 hex nut,nut-M2,Battery_case-1/m2x5_batt_assemb-4,False,,-169.39 -40.88 -62.39,-0.2513 -0.2295 -0.9403,,"Battery_case-1/Shell1-1 [m2_hole_cav_battcover, m2_nut_cav]; Battery_case-1/battery_cover_better-1 [m2_hole_cav_battcover, m2_screwhead_cav]",Battery_case-1/Shell1-1 0.33 mm; Battery_case-1/battery_cover_better-1 2.98 mm; Shell2-1 6.11 mm
Battery_case-1/m2x5_batt_assemb-5/M2 x 0.4mm Thread HEX NUT.step-1,M2 hex nut,nut-M2,Battery_case-1/m2x5_batt_assemb-5,False,,-94.94 -0.40 -55.36,0.2285 0.5394 -0.8104,,"Battery_case-1/Shell1-1 [contact, m2_hole_cav_battcover, m2_nut_cav]; Battery_case-1/battery_cover_better-1 [batt_cov_hole_for_allen, m2_hole_cav_battcover, m2_screwhead_cav]",Battery_case-1/Shell1-1 0.25 mm; Battery_case-1/battery_cover_better-1 0.72 mm; Shell2-1 5.40 mm
Battery_case-1/m2x5_batt_assemb-6/M2 x 0.4mm Thread HEX NUT.step-1,M2 hex nut,nut-M2,Battery_case-1/m2x5_batt_assemb-6,False,,-77.21 -22.82 -59.97,0.3002 0.2295 -0.9258,,"Battery_case-1/Shell1-1 [contact, m2_hole_cav_battcover, m2_nut_cav]; Battery_case-1/battery_cover_better-1 [m2_hole_cav_battcover, m2_screwhead_cav]",Battery_case-1/Shell1-1 0.25 mm; Battery_case-1/battery_cover_better-1 1.11 mm; Shell2-1 4.70 mm
Battery_case-1/m2x5_batt_assemb-7/M2 x 0.4mm Thread HEX NUT.step-1,M2 hex nut,nut-M2,Battery_case-1/m2x5_batt_assemb-7,False,,-142.82 5.91 -56.61,-0.0391 0.5747 -0.8175,,"Battery_case-1/Shell1-1 [contact, m2_hole_cav_battcover, m2_nut_cav]; Battery_case-1/battery_cover_better-1 [batt_cov_hole_for_allen, m2_hole_cav_battcover, m2_screwhead_cav]",Battery_case-1/Shell1-1 0.25 mm; Battery_case-1/battery_cover_better-1 1.23 mm; Shell2-1 4.07 mm
Battery_case-1/m2x5_batt_assemb-8/M2 x 0.4mm Thread HEX NUT.step-1,M2 hex nut,nut-M2,Battery_case-1/m2x5_batt_assemb-8,False,,-165.49 -11.20 -62.28,-0.1826 0.2931 -0.9385,,"Battery_case-1/Shell1-1 [m2_hole_cav_battcover, m2_nut_cav]; Battery_case-1/battery_cover_better-1 [m2_hole_cav_battcover, m2_screwhead_cav]",Battery_case-1/Shell1-1 0.35 mm; Battery_case-1/battery_cover_better-1 2.29 mm; Shell2-1 6.07 mm
m2x10_assemb-1/M2 x 0.4mm Thread HEX NUT.step-1,M2 hex nut,nut-M2,m2x10_assemb-1,False,,-82.00 -82.24 -9.89,0.2588 0.9659 0.0000,,"driver_side_palm_cover2-1 [m2_hole_cav, m2_screwhead_cav]",Base Bone 1.2_V02_pinky-1 2.64 mm; Base Bone 1_V02-8 3.19 mm; driver_side_palm_cover2-1 3.75 mm
m2x10_assemb-2/M2 x 0.4mm Thread HEX NUT.step-1,M2 hex nut,nut-M2,m2x10_assemb-2,False,,-105.86 -75.85 -9.89,0.2588 0.9659 0.0000,,"driver_side_palm_cover2-1 [m2_hole_cav, m2_screwhead_cav]",Base Bone 1.2_V02_pinky-1 1.56 mm; Palm_pinky-1 3.52 mm; driver_side_palm_cover2-1 3.75 mm
m2x10_assemb-3/M2 x 0.4mm Thread HEX NUT.step-1,M2 hex nut,nut-M2,m2x10_assemb-3,False,,-129.72 -69.46 -9.89,0.2588 0.9659 0.0000,,"driver_side_palm_cover2-1 [m2_hole_cav, m2_screwhead_cav]",Base Bone 1.2_V02_pinky-1 1.92 mm; driver_side_palm_cover2-1 3.75 mm; Palm_pinky-1 4.53 mm
m2x10_assemb-4/M2 x 0.4mm Thread HEX NUT.step-1,M2 hex nut,nut-M2,m2x10_assemb-4,False,,-153.58 -63.06 -9.89,0.2588 0.9659 0.0000,,"driver_side_palm_cover2-1 [m2_hole_cav, m2_screwhead_cav]",Base Bone 1.2_V02_pinky-1 2.23 mm; driver_side_palm_cover2-1 3.75 mm; Palm_pinky-1 6.17 mm
m2x10_assemb-5/M2 x 0.4mm Thread HEX NUT.step-1,M2 hex nut,nut-M2,m2x10_assemb-5,False,,-91.69 11.20 -9.89,0.0000 -1.0000 0.0000,,"driver_side_palm_cover3-1 [m2_hole_cav, m2_screwhead_cav]",driver_side_palm_cover3-1 3.75 mm; Base Bone 1.2_V02_pointerfinger_and_thumb_attachment-1 5.47 mm; Palm1-1 5.67 mm
m2x10_assemb-6/M2 x 0.4mm Thread HEX NUT.step-1,M2 hex nut,nut-M2,m2x10_assemb-6,False,,-116.39 11.20 -9.89,0.0000 -1.0000 0.0000,,"driver_side_palm_cover3-1 [m2_hole_cav, m2_screwhead_cav]",driver_side_palm_cover3-1 3.75 mm; Base Bone 1.2_V02_pointerfinger_and_thumb_attachment-1 5.24 mm; Palm1-1 5.66 mm
m2x10_assemb-7/M2 x 0.4mm Thread HEX NUT.step-1,M2 hex nut,nut-M2,m2x10_assemb-7,False,,-141.09 11.20 -9.89,0.0000 -1.0000 0.0000,,"driver_side_palm_cover3-1 [m2_hole_cav, m2_screwhead_cav]",driver_side_palm_cover3-1 3.75 mm; Base Bone 1.2_V02_pointerfinger_and_thumb_attachment-1 4.98 mm; Palm1-1 7.54 mm
m2x5_assemb-10/M2 x 0.4mm Thread HEX NUT.step-1,M2 hex nut,nut-M2,m2x5_assemb-10,False,,-158.15 -54.04 1.47,0.0000 0.0000 -1.0000,,"Base Bone 1.2_V02_pinky-1 [m2_hole_cav, m2_nut_cav]; driver_side_palm_cover2-1 [m2_hole_cav, m2_screwhead_cav]",Base Bone 1.2_V02_pinky-1 0.35 mm; palm_bone_flex-1 1.71 mm; driver_side_palm_cover2-1 2.22 mm
m2x5_assemb-11/M2 x 0.4mm Thread HEX NUT.step-1,M2 hex nut,nut-M2,m2x5_assemb-11,False,,-114.15 1.10 1.47,0.0000 0.0000 -1.0000,,"Base Bone 1.2_V02_pointerfinger_and_thumb_attachment-1 [m2_hole_cav, m2_nut_cav]; driver_side_palm_cover3-1 [m2_hole_cav, m2_screwhead_cav]",Base Bone 1.2_V02_pointerfinger_and_thumb_attachment-1 0.35 mm; driver_side_palm_cover3-1 2.22 mm; Palm1-1 2.30 mm
m2x5_assemb-12/M2 x 0.4mm Thread HEX NUT.step-1,M2 hex nut,nut-M2,m2x5_assemb-12,False,,-133.20 1.41 1.47,0.0000 0.0000 -1.0000,,"Base Bone 1.2_V02_pointerfinger_and_thumb_attachment-1 [m2_hole_cav, m2_nut_cav]; driver_side_palm_cover3-1 [m2_hole_cav, m2_screwhead_cav]",Base Bone 1.2_V02_pointerfinger_and_thumb_attachment-1 0.35 mm; driver_side_palm_cover3-1 2.22 mm; Palm1-1 2.30 mm
m2x5_assemb-13/M2 x 0.4mm Thread HEX NUT.step-1,M2 hex nut,nut-M2,m2x5_assemb-13,False,,-91.82 1.47 1.47,0.0000 0.0000 -1.0000,,"Base Bone 1.2_V02_pointerfinger_and_thumb_attachment-1 [m2_hole_cav, m2_nut_cav]; driver_side_palm_cover3-1 [m2_hole_cav, m2_screwhead_cav]",Base Bone 1.2_V02_pointerfinger_and_thumb_attachment-1 0.35 mm; driver_side_palm_cover3-1 2.22 mm; Palm1-1 2.32 mm
m2x5_assemb-15/M2 x 0.4mm Thread HEX NUT.step-1,M2 hex nut,nut-M2,m2x5_assemb-15,False,,-151.62 -0.05 1.47,0.0000 0.0000 -1.0000,,"Assem2^Robotic Hand_V5-1/first_thumb_hinge-1 [m2_hole_cav, m2_screwhead_cav]; Assem2^Robotic Hand_V5-1/first_thumb_hinge-2 [m2_hole_cav, m2_screwhead_cav]; Base Bone 1.2_V02_pointerfinger_and_thumb_attachment-1 [m2_hole_cav, m2_nut_cav]",Base Bone 1.2_V02_pointerfinger_and_thumb_attachment-1 0.35 mm; palm_bone_flex-1 1.75 mm; Palm1-1 2.34 mm
m2x5_assemb-5/M2 x 0.4mm Thread HEX NUT.step-1,M2 hex nut,nut-M2,m2x5_assemb-5,False,,-139.12 -59.80 1.47,0.0000 0.0000 -1.0000,,"Base Bone 1.2_V02_pinky-1 [m2_hole_cav, m2_nut_cav]; driver_side_palm_cover2-1 [m2_hole_cav, m2_screwhead_cav]",Base Bone 1.2_V02_pinky-1 0.35 mm; driver_side_palm_cover2-1 2.22 mm; Palm_pinky-1 2.34 mm
m2x5_assemb-6/M2 x 0.4mm Thread HEX NUT.step-1,M2 hex nut,nut-M2,m2x5_assemb-6,False,,-100.97 -71.16 1.47,0.0000 0.0000 -1.0000,,"Base Bone 1.2_V02_pinky-1 [m2_hole_cav, m2_nut_cav]; driver_side_palm_cover2-1 [m2_hole_cav, m2_screwhead_cav]",Base Bone 1.2_V02_pinky-1 0.35 mm; driver_side_palm_cover2-1 2.22 mm; Palm_pinky-1 2.30 mm
m2x5_assemb-9/M2 x 0.4mm Thread HEX NUT.step-1,M2 hex nut,nut-M2,m2x5_assemb-9,False,,-120.43 -65.81 1.47,0.0000 0.0000 -1.0000,,"Base Bone 1.2_V02_pinky-1 [m2_hole_cav, m2_nut_cav]; driver_side_palm_cover2-1 [m2_hole_cav, m2_screwhead_cav]",Base Bone 1.2_V02_pinky-1 0.35 mm; driver_side_palm_cover2-1 2.22 mm; Palm_pinky-1 2.30 mm
TR Fastenings Ltd-M1_6X3mm-3,M1.6x3,screw-M1.6,(top),False,,-195.24 -45.70 -28.33,0.9914 -0.1305 0.0000,-190.99 -46.26 -28.33,cover_back-1 [m1_hole_cav],cover_back-1 0.86 mm; Battery_case-1/Shell1-1 17.28 mm
TR Fastenings Ltd-M1_6X3mm-4,M1.6x3,screw-M1.6,(top),False,,-180.98 -9.22 -55.86,0.9914 -0.1305 0.0000,-176.74 -9.77 -55.86,"Battery_case-1/Shell1-1 [contact, m1_head_cav, m1_hole_cav]; cover_back-1 [m1_head_cav]",Battery_case-1/Shell1-1 0.27 mm; cover_back-1 2.35 mm; Shell2-1 4.71 mm
Mirrorm1_screw_assemb_copy-2/MirrorTR Fastenings Ltd-M1_6X3mm-1,M1.6x3,screw-M1.6,Mirrorm1_screw_assemb_copy-2,False,,-174.69 33.45 5.38,0.0000 0.0000 -1.0000,-174.69 33.45 1.10,"Assem2^Robotic Hand_V5-1/second_thumb_hinge-1 [Mirrorm1_head_cav, Mirrorm1_hole_cav, Mirrorm1_nut_cav, contact]",Assem2^Robotic Hand_V5-1/second_thumb_hinge-1 0.27 mm; Assem2^Robotic Hand_V5-1/first_thumb_hinge-1 0.77 mm; Assem2^Robotic Hand_V5-1/first_thumb_hinge-2 0.77 mm
Mirrorm1_screw_assemb_copy-3/MirrorTR Fastenings Ltd-M1_6X3mm-1,M1.6x3,screw-M1.6,Mirrorm1_screw_assemb_copy-3,False,,-158.71 27.68 3.05,0.0000 0.0000 -1.0000,-158.71 27.68 -1.23,"Assem2^Robotic Hand_V5-1/third_thumb_hinge-1 [Mirrorm1_head_cav, contact]",Assem2^Robotic Hand_V5-1/third_thumb_hinge-1 0.03 mm; Assem2^Robotic Hand_V5-1/second_thumb_hinge-1 3.60 mm; Assem2^Robotic Hand_V5-1/Metacarpal Bone_V02-1 3.69 mm
Mirrorm1_screw_assemb_fingies-1/MirrorTR Fastenings Ltd-M1_6X3mm-1,M1.6x3,screw-M1.6,Mirrorm1_screw_assemb_fingies-1,False,,45.70 -0.25 -0.52,-1.0000 0.0000 0.0000,41.42 -0.25 -0.52,"Distal Phalanx Bone_V02-2 [Mirrorm1_head_cav, Mirrorm1_hole_cav, Mirrorm1_nut_cav, contact, m1_nutopening_insertion_cav]",Distal Phalanx Bone_V02-2 0.25 mm
Mirrorm1_screw_assemb_fingies-2/MirrorTR Fastenings Ltd-M1_6X3mm-1,M1.6x3,screw-M1.6,Mirrorm1_screw_assemb_fingies-2,False,,46.01 -35.88 -0.52,0.9962 -0.0872 0.0000,50.28 -36.26 -0.52,"Distal Phalanx Bone_V02-4 [Mirrorm1_nut_cav, contact, m1_nutopening_insertion_cav]",Distal Phalanx Bone_V02-4 0.29 mm
Mirrorm1_screw_assemb_fingies-3/MirrorTR Fastenings Ltd-M1_6X3mm-1,M1.6x3,screw-M1.6,Mirrorm1_screw_assemb_fingies-3,False,,33.61 -69.87 -0.52,0.9848 -0.1736 0.0000,37.83 -70.61 -0.52,"Distal Phalanx Bone_V02-5 [Mirrorm1_nut_cav, contact, m1_nutopening_insertion_cav]",Distal Phalanx Bone_V02-5 0.29 mm
Mirrorm1_screw_assemb_fingies-4/MirrorTR Fastenings Ltd-M1_6X3mm-1,M1.6x3,screw-M1.6,Mirrorm1_screw_assemb_fingies-4,False,,9.75 -99.63 -0.52,0.9659 -0.2588 0.0000,13.89 -100.73 -0.52,"Distal Phalanx Bone_V02-6 [Mirrorm1_nut_cav, contact, m1_nutopening_insertion_cav]",Distal Phalanx Bone_V02-6 0.29 mm
Mirrorm1_screw_assemb_fingies-5/MirrorTR Fastenings Ltd-M1_6X3mm-1,M1.6x3,screw-M1.6,Mirrorm1_screw_assemb_fingies-5,False,,-76.71 97.38 -1.52,-0.7619 -0.6477 0.0000,-79.97 94.61 -1.52,"Assem2^Robotic Hand_V5-1/Distal Phalanx Bone_V02-1 [Mirrorm1_head_cav, Mirrorm1_hole_cav, Mirrorm1_nut_cav, contact, m1_nutopening_insertion_cav]; Assem2^Robotic Hand_V5-1/Distal Phalanx Bone_V02-2 [Mirrorm1_head_cav, Mirrorm1_hole_cav, Mirrorm1_nut_cav, contact, m1_nutopening_insertion_cav]",Assem2^Robotic Hand_V5-1/Distal Phalanx Bone_V02-1 0.25 mm; Assem2^Robotic Hand_V5-1/Distal Phalanx Bone_V02-2 0.25 mm
m1_screw_assemb-1/TR Fastenings Ltd-M1_6X3mm-1,M1.6x3,screw-M1.6,m1_screw_assemb-1,False,,-178.55 9.28 -47.32,0.9914 -0.1305 0.0000,-174.30 8.73 -47.32,"Battery_case-1/Shell1-1 [contact, m1_head_cav, m1_hole_cav]; cover_back-1 [m1_head_cav]",Battery_case-1/Shell1-1 0.20 mm; cover_back-1 2.35 mm; Shell2-1 8.86 mm
m1_screw_assemb-2/TR Fastenings Ltd-M1_6X3mm-1,M1.6x3,screw-M1.6,m1_screw_assemb-2,False,,-188.60 4.70 -10.44,0.9914 -0.1305 0.0000,-184.36 4.14 -10.44,cover_back-1 [m1_hole_cav],cover_back-1 0.87 mm; Palm_bone1-1 5.66 mm; Assem2^Robotic Hand_V5-1/first_thumb_hinge-1 15.72 mm
m1_screw_assemb-4/TR Fastenings Ltd-M1_6X3mm-1,M1.6x3,screw-M1.6,m1_screw_assemb-4,False,,-187.16 -56.18 -46.68,0.9914 -0.1305 0.0000,-182.92 -56.74 -46.68,"Battery_case-1/Shell1-1 [contact, m1_head_cav, m1_hole_cav]; cover_back-1 [m1_head_cav]",Battery_case-1/Shell1-1 0.29 mm; cover_back-1 2.35 mm; Shell2-1 6.17 mm
m1_screw_assemb-5/TR Fastenings Ltd-M1_6X3mm-1,M1.6x3,screw-M1.6,m1_screw_assemb-5,False,,-184.21 -33.73 -56.88,0.9914 -0.1305 0.0000,-179.97 -34.29 -56.88,"Battery_case-1/Shell1-1 [contact, m1_head_cav, m1_hole_cav]; cover_back-1 [m1_head_cav]",Battery_case-1/Shell1-1 0.22 mm; cover_back-1 2.35 mm; Shell2-1 4.47 mm
m1_screw_assemb-6/TR Fastenings Ltd-M1_6X3mm-1,M1.6x3,screw-M1.6,m1_screw_assemb-6,False,,-1.97 0.83 -0.53,0.9914 -0.1305 0.0000,2.27 0.27 -0.53,(none found),Proximal Phalanx Bone_V02-1 9.51 mm
m1_screw_assemb-7/TR Fastenings Ltd-M1_6X3mm-1,M1.6x3,screw-M1.6,m1_screw_assemb-7,False,m1_screw_assemb-6/TR Fastenings Ltd-M1_6X3mm-1,-1.97 0.83 -0.53,0.9914 -0.1305 0.0000,2.27 0.27 -0.53,(none found),Proximal Phalanx Bone_V02-1 9.51 mm
m1_screw_assemb_copy-1/TR Fastenings Ltd-M1_6X3mm-1,M1.6x3,screw-M1.6,m1_screw_assemb_copy-1,False,,-174.69 33.45 -8.42,0.0000 0.0000 1.0000,-174.69 33.45 -4.15,"Assem2^Robotic Hand_V5-1/second_thumb_hinge-1 [contact, m1_head_cav, m1_hole_cav, m1_nut_cav]",Assem2^Robotic Hand_V5-1/second_thumb_hinge-1 0.27 mm; Assem2^Robotic Hand_V5-1/first_thumb_hinge-1 0.77 mm; Assem2^Robotic Hand_V5-1/first_thumb_hinge-2 0.77 mm
M2 x 0.4mm Thread 12mm LONG SOCKET HEAD CAP SCREW.step-1,M2x12 SHCS,screw-M2,(top),True,,-151.57 12.33 20.19,-0.5774 -0.5774 -0.5774,-159.65 4.25 12.10,thumb_ball_joint_cap-1 [contact],thumb_ball_joint_cap-1 0.06 mm; Metacarpal Bone_V02_thumb-1 0.88 mm; Assem2^Robotic Hand_V5-1/first_thumb_hinge-1 5.17 mm
M2 x 0.4mm Thread 12mm LONG SOCKET HEAD CAP SCREW.step-2,M2x12 SHCS,screw-M2,(top),True,,-142.19 15.76 7.37,-0.5774 -0.5774 -0.5774,-150.27 7.68 -0.72,Base Bone 1.2_V02_pointerfinger_and_thumb_attachment-1 [contact]; driver_side_palm_cover3-1 [contact]; thumb_ball_joint_cap-1 [contact],thumb_ball_joint_cap-1 0.06 mm; driver_side_palm_cover3-1 0.09 mm; Base Bone 1.2_V02_pointerfinger_and_thumb_attachment-1 0.26 mm
M2 x 0.4mm Thread 5mm LONG SOCKET HEAD CAP SCREW.step-3,M2x5 SHCS,screw-M2,(top),False,,-179.24 -12.33 -27.50,-0.9914 0.1305 0.0000,-186.18 -11.41 -27.50,"cover_back-1 [contact, driver_hole, m2_hole_cav_short]",cover_back-1 0.25 mm; Battery_case-1/Shell1-1 24.38 mm
Battery_case-1/m2x5_batt_assemb-1/M2 x 0.4mm Thread 5mm LONG SOCKET HEAD CAP SCREW.step-1,M2x5 SHCS,screw-M2,Battery_case-1/m2x5_batt_assemb-1,False,,-82.70 -50.50 -53.74,0.2314 -0.2931 -0.9276,-81.08 -52.56 -60.23,"Battery_case-1/Shell1-1 [contact, m2_hole_cav_battcover, m2_nut_cav]; Battery_case-1/battery_cover_better-1 [contact, m2_hole_cav_battcover, m2_screwhead_cav]",Battery_case-1/battery_cover_better-1 0.25 mm; Battery_case-1/Shell1-1 0.25 mm; Shell2-1 7.40 mm
Battery_case-1/m2x5_batt_assemb-2/M2 x 0.4mm Thread 5mm LONG SOCKET HEAD CAP SCREW.step-1,M2x5 SHCS,screw-M2,Battery_case-1/m2x5_batt_assemb-2,False,,-104.61 -65.69 -50.04,0.0819 -0.5747 -0.8143,-104.03 -69.71 -55.74,"Battery_case-1/Shell1-1 [contact, m2_hole_cav_battcover, m2_nut_cav]; Battery_case-1/battery_cover_better-1 [batt_cov_hole_for_allen, contact, m2_hole_cav_battcover, m2_screwhead_cav]",Battery_case-1/battery_cover_better-1 0.25 mm; Battery_case-1/Shell1-1 0.25 mm; Shell2-1 14.54 mm
Battery_case-1/m2x5_batt_assemb-3/M2 x 0.4mm Thread 5mm LONG SOCKET HEAD CAP SCREW.step-1,M2x5 SHCS,screw-M2,Battery_case-1/m2x5_batt_assemb-3,False,,-150.66 -59.62 -51.24,-0.1858 -0.5394 -0.8213,-151.96 -63.40 -56.99,"Battery_case-1/Shell1-1 [contact, m2_hole_cav_battcover, m2_nut_cav]; Battery_case-1/battery_cover_better-1 [batt_cov_hole_for_allen, contact, m2_hole_cav_battcover, m2_screwhead_cav]",Battery_case-1/Shell1-1 0.25 mm; Battery_case-1/battery_cover_better-1 0.25 mm; Shell2-1 3.29 mm
Battery_case-1/m2x5_batt_assemb-4/M2 x 0.4mm Thread 5mm LONG SOCKET HEAD CAP SCREW.step-1,M2x5 SHCS,screw-M2,Battery_case-1/m2x5_batt_assemb-4,False,,-167.68 -39.31 -55.96,-0.2513 -0.2295 -0.9403,-169.44 -40.92 -62.55,"Battery_case-1/Shell1-1 [contact, m2_hole_cav_battcover, m2_nut_cav]; Battery_case-1/battery_cover_better-1 [contact, m2_hole_cav_battcover, m2_screwhead_cav]",Battery_case-1/Shell1-1 0.25 mm; Battery_case-1/battery_cover_better-1 0.25 mm; Shell2-1 7.54 mm
Battery_case-1/m2x5_batt_assemb-5/M2 x 0.4mm Thread 5mm LONG SOCKET HEAD CAP SCREW.step-1,M2x5 SHCS,screw-M2,Battery_case-1/m2x5_batt_assemb-5,False,,-96.50 -4.08 -49.82,0.2285 0.5394 -0.8104,-94.90 -0.30 -55.50,"Battery_case-1/Shell1-1 [contact, m2_hole_cav_battcover, m2_nut_cav]; Battery_case-1/battery_cover_better-1 [batt_cov_hole_for_allen, contact, m2_hole_cav_battcover, m2_screwhead_cav]",Battery_case-1/battery_cover_better-1 0.25 mm; Battery_case-1/Shell1-1 0.25 mm; Shell2-1 6.79 mm
Battery_case-1/m2x5_batt_assemb-6/M2 x 0.4mm Thread 5mm LONG SOCKET HEAD CAP SCREW.step-1,M2x5 SHCS,screw-M2,Battery_case-1/m2x5_batt_assemb-6,False,,-79.26 -24.39 -53.65,0.3002 0.2295 -0.9258,-77.16 -22.78 -60.13,"Battery_case-1/Shell1-1 [contact, m2_hole_cav_battcover, m2_nut_cav]; Battery_case-1/battery_cover_better-1 [contact, m2_hole_cav_battcover, m2_screwhead_cav]",Battery_case-1/Shell1-1 0.25 mm; Battery_case-1/battery_cover_better-1 0.25 mm; Shell2-1 5.69 mm
Battery_case-1/m2x5_batt_assemb-7/M2 x 0.4mm Thread 5mm LONG SOCKET HEAD CAP SCREW.step-1,M2x5 SHCS,screw-M2,Battery_case-1/m2x5_batt_assemb-7,False,,-142.55 1.99 -51.03,-0.0391 0.5747 -0.8175,-142.83 6.01 -56.75,"Battery_case-1/Shell1-1 [contact, m2_hole_cav_battcover, m2_nut_cav]; Battery_case-1/battery_cover_better-1 [batt_cov_hole_for_allen, contact, m2_hole_cav_battcover, m2_screwhead_cav]",Battery_case-1/battery_cover_better-1 0.25 mm; Battery_case-1/Shell1-1 0.25 mm; Shell2-1 4.75 mm
Battery_case-1/m2x5_batt_assemb-8/M2 x 0.4mm Thread 5mm LONG SOCKET HEAD CAP SCREW.step-1,M2x5 SHCS,screw-M2,Battery_case-1/m2x5_batt_assemb-8,False,,-164.24 -13.20 -55.87,-0.1826 0.2931 -0.9385,-165.52 -11.15 -62.44,"Battery_case-1/Shell1-1 [contact, m2_hole_cav_battcover, m2_nut_cav]; Battery_case-1/battery_cover_better-1 [contact, m2_hole_cav_battcover, m2_screwhead_cav]",Battery_case-1/battery_cover_better-1 0.25 mm; Battery_case-1/Shell1-1 0.25 mm; Shell2-1 7.53 mm
m2x10_assemb-1/M2 x 0.4mm Thread 8mm LONG SOCKET HEAD CAP SCREW.step-1,M2x8 SHCS,screw-M2,m2x10_assemb-1,False,,-84.34 -90.98 -9.89,0.2588 0.9659 0.0000,-81.76 -81.32 -9.89,"driver_side_palm_cover2-1 [contact, m2_hole_cav, m2_screwhead_cav]",driver_side_palm_cover2-1 0.25 mm; Battery_case-1/Shell1-1 0.53 mm; Base Bone 1.2_V02_pinky-1 3.04 mm
m2x10_assemb-2/M2 x 0.4mm Thread 8mm LONG SOCKET HEAD CAP SCREW.step-1,M2x8 SHCS,screw-M2,m2x10_assemb-2,False,,-108.20 -84.59 -9.89,0.2588 0.9659 0.0000,-105.61 -74.93 -9.89,"driver_side_palm_cover2-1 [contact, m2_hole_cav, m2_screwhead_cav]",driver_side_palm_cover2-1 0.24 mm; Base Bone 1.2_V02_pinky-1 2.70 mm; Palm_pinky-1 4.62 mm
m2x10_assemb-3/M2 x 0.4mm Thread 8mm LONG SOCKET HEAD CAP SCREW.step-1,M2x8 SHCS,screw-M2,m2x10_assemb-3,False,,-132.06 -78.19 -9.89,0.2588 0.9659 0.0000,-129.47 -68.53 -9.89,"driver_side_palm_cover2-1 [contact, m2_hole_cav, m2_screwhead_cav]",driver_side_palm_cover2-1 0.24 mm; Base Bone 1.2_V02_pinky-1 3.23 mm; Palm_pinky-1 5.57 mm
m2x10_assemb-4/M2 x 0.4mm Thread 8mm LONG SOCKET HEAD CAP SCREW.step-1,M2x8 SHCS,screw-M2,m2x10_assemb-4,False,,-155.92 -71.80 -9.89,0.2588 0.9659 0.0000,-153.33 -62.14 -9.89,"driver_side_palm_cover2-1 [contact, m2_hole_cav, m2_screwhead_cav]",driver_side_palm_cover2-1 0.24 mm; Base Bone 1.2_V02_pinky-1 3.51 mm; Palm_pinky-1 7.42 mm
m2x10_assemb-5/M2 x 0.4mm Thread 8mm LONG SOCKET HEAD CAP SCREW.step-1,M2x8 SHCS,screw-M2,m2x10_assemb-5,False,,-91.69 20.25 -9.89,0.0000 -1.0000 0.0000,-91.69 10.25 -9.89,"driver_side_palm_cover3-1 [contact, m2_hole_cav, m2_screwhead_cav]",driver_side_palm_cover3-1 0.25 mm; Base Bone 1.2_V02_pointerfinger_and_thumb_attachment-1 6.33 mm; Palm1-1 6.50 mm
m2x10_assemb-6/M2 x 0.4mm Thread 8mm LONG SOCKET HEAD CAP SCREW.step-1,M2x8 SHCS,screw-M2,m2x10_assemb-6,False,,-116.39 20.25 -9.89,0.0000 -1.0000 0.0000,-116.39 10.25 -9.89,"driver_side_palm_cover3-1 [contact, m2_hole_cav, m2_screwhead_cav]",driver_side_palm_cover3-1 0.24 mm; Base Bone 1.2_V02_pointerfinger_and_thumb_attachment-1 5.76 mm; Palm1-1 6.50 mm
m2x10_assemb-7/M2 x 0.4mm Thread 8mm LONG SOCKET HEAD CAP SCREW.step-1,M2x8 SHCS,screw-M2,m2x10_assemb-7,False,,-141.09 20.25 -9.89,0.0000 -1.0000 0.0000,-141.09 10.25 -9.89,"driver_side_palm_cover3-1 [contact, m2_hole_cav, m2_screwhead_cav]",driver_side_palm_cover3-1 0.24 mm; Base Bone 1.2_V02_pointerfinger_and_thumb_attachment-1 5.66 mm; Palm1-1 8.57 mm
m2x5_assemb-10/M2 x 0.4mm Thread 5mm LONG SOCKET HEAD CAP SCREW.step-1,M2x5 SHCS,screw-M2,m2x5_assemb-10,False,,-158.15 -54.04 7.48,0.0000 0.0000 -1.0000,-158.15 -54.04 0.48,"Base Bone 1.2_V02_pinky-1 [contact, m2_hole_cav, m2_nut_cav]; driver_side_palm_cover2-1 [contact, m2_hole_cav, m2_screwhead_cav]",driver_side_palm_cover2-1 0.25 mm; Base Bone 1.2_V02_pinky-1 0.25 mm; palm_bone_flex-1 2.19 mm
m2x5_assemb-11/M2 x 0.4mm Thread 5mm LONG SOCKET HEAD CAP SCREW.step-1,M2x5 SHCS,screw-M2,m2x5_assemb-11,False,,-114.15 1.10 7.48,0.0000 0.0000 -1.0000,-114.15 1.10 0.48,"Base Bone 1.2_V02_pointerfinger_and_thumb_attachment-1 [contact, m2_hole_cav, m2_nut_cav]; driver_side_palm_cover3-1 [contact, m2_hole_cav, m2_screwhead_cav]",driver_side_palm_cover3-1 0.25 mm; Base Bone 1.2_V02_pointerfinger_and_thumb_attachment-1 0.25 mm; Palm1-1 2.56 mm
m2x5_assemb-12/M2 x 0.4mm Thread 5mm LONG SOCKET HEAD CAP SCREW.step-1,M2x5 SHCS,screw-M2,m2x5_assemb-12,False,,-133.20 1.41 7.48,0.0000 0.0000 -1.0000,-133.20 1.41 0.48,"Base Bone 1.2_V02_pointerfinger_and_thumb_attachment-1 [contact, m2_hole_cav, m2_nut_cav]; driver_side_palm_cover3-1 [contact, m2_hole_cav, m2_screwhead_cav]",driver_side_palm_cover3-1 0.25 mm; Base Bone 1.2_V02_pointerfinger_and_thumb_attachment-1 0.25 mm; Palm1-1 2.55 mm
m2x5_assemb-13/M2 x 0.4mm Thread 5mm LONG SOCKET HEAD CAP SCREW.step-1,M2x5 SHCS,screw-M2,m2x5_assemb-13,False,,-91.82 1.47 7.48,0.0000 0.0000 -1.0000,-91.82 1.47 0.48,"Base Bone 1.2_V02_pointerfinger_and_thumb_attachment-1 [contact, m2_hole_cav, m2_nut_cav]; driver_side_palm_cover3-1 [contact, m2_hole_cav, m2_screwhead_cav]",driver_side_palm_cover3-1 0.25 mm; Base Bone 1.2_V02_pointerfinger_and_thumb_attachment-1 0.25 mm; Palm1-1 2.75 mm
m2x5_assemb-15/M2 x 0.4mm Thread 5mm LONG SOCKET HEAD CAP SCREW.step-1,M2x5 SHCS,screw-M2,m2x5_assemb-15,False,,-151.62 -0.05 7.48,0.0000 0.0000 -1.0000,-151.62 -0.05 0.48,"Assem2^Robotic Hand_V5-1/first_thumb_hinge-1 [contact, m2_hole_cav, m2_screwhead_cav]; Assem2^Robotic Hand_V5-1/first_thumb_hinge-2 [contact, m2_hole_cav, m2_screwhead_cav]; Base Bone 1.2_V02_pointerfinger_and_thumb_attachment-1 [contact, m2_hole_cav, m2_nut_cav]",Assem2^Robotic Hand_V5-1/first_thumb_hinge-1 0.25 mm; Assem2^Robotic Hand_V5-1/first_thumb_hinge-2 0.25 mm; Base Bone 1.2_V02_pointerfinger_and_thumb_attachment-1 0.25 mm
m2x5_assemb-5/M2 x 0.4mm Thread 5mm LONG SOCKET HEAD CAP SCREW.step-1,M2x5 SHCS,screw-M2,m2x5_assemb-5,False,,-139.12 -59.80 7.48,0.0000 0.0000 -1.0000,-139.12 -59.80 0.48,"Base Bone 1.2_V02_pinky-1 [contact, m2_hole_cav, m2_nut_cav]; driver_side_palm_cover2-1 [contact, m2_hole_cav, m2_screwhead_cav]",driver_side_palm_cover2-1 0.25 mm; Base Bone 1.2_V02_pinky-1 0.25 mm; Palm_pinky-1 2.12 mm
m2x5_assemb-6/M2 x 0.4mm Thread 5mm LONG SOCKET HEAD CAP SCREW.step-1,M2x5 SHCS,screw-M2,m2x5_assemb-6,False,,-100.97 -71.16 7.48,0.0000 0.0000 -1.0000,-100.97 -71.16 0.48,"Base Bone 1.2_V02_pinky-1 [contact, m2_hole_cav, m2_nut_cav]; driver_side_palm_cover2-1 [contact, m2_hole_cav, m2_screwhead_cav]",driver_side_palm_cover2-1 0.25 mm; Base Bone 1.2_V02_pinky-1 0.25 mm; Palm_pinky-1 2.51 mm
m2x5_assemb-9/M2 x 0.4mm Thread 5mm LONG SOCKET HEAD CAP SCREW.step-1,M2x5 SHCS,screw-M2,m2x5_assemb-9,False,,-120.43 -65.81 7.48,0.0000 0.0000 -1.0000,-120.43 -65.81 0.48,"Base Bone 1.2_V02_pinky-1 [contact, m2_hole_cav, m2_nut_cav]; driver_side_palm_cover2-1 [contact, m2_hole_cav, m2_screwhead_cav]",driver_side_palm_cover2-1 0.25 mm; Base Bone 1.2_V02_pinky-1 0.25 mm; Palm_pinky-1 2.18 mm
