onshape,onshape_asm,model,sw_path,sw_hidden,n_sw_candidates,verdict,dt_x,dt_y,dt_z,dt_norm,rot_diff_deg,rot_diff_axis_local,v5_tight_size_os_local,os_tight_size_local,tight_face_diff_v5_minus_os_xmin_ymin_zmin_xmax_ymax_zmax,tight_max_abs,sw_box_size_mm,os_box_size_local_mm,box_centre_diff_mm,world_box_face_diff_mm_xmin_ymin_zmin_xmax_ymax_zmax,t_os,t_sw_mapped
Proximal Phalanx Bone_V02 <1>,Robotic,Proximal Phalanx Bone_V02,Robotic Hand_V5/Proximal Phalanx Bone_V02-1,False,4,same pose; same extents,0.027,-0.051,-0.010,0.059,0.000,+0.78 -0.17 -0.60,56.60 x 15.00 x 15.00,56.60 x 15.00 x 15.00,-0.00 +0.00 +0.00 -0.00 -0.00 -0.00,0.000,56.70 x 20.57 x 15.00,56.60 x 15.00 x 15.07,2.757,-0.13 +0.09 +0.01 -0.05 +0.03 +5.49,-29.01 -0.30 -0.53,-29.03 -0.25 -0.52
Metacarpal Bone_V02 <1>,Robotic,Metacarpal Bone_V02,Robotic Hand_V5/Metacarpal Bone_V02-1,False,4,same pose; same extents,0.023,-0.000,-0.010,0.025,0.000,-0.12 -0.31 -0.94,47.00 x 15.00 x 15.00,47.00 x 15.00 x 15.00,+0.00 +0.00 +0.00 -0.00 -0.00 -0.00,0.000,47.00 x 21.02 x 18.46,47.00 x 15.00 x 15.00,3.053,-0.02 +0.07 -0.52 -0.04 +3.47 +5.49,-61.01 -0.25 -0.53,-61.03 -0.25 -0.52
Distal Phalanx Bone_V02 <1>,Robotic,Distal Phalanx Bone_V02,Robotic Hand_V5/Distal Phalanx Bone_V02-2,False,7,same pose; same extents,0.013,-0.127,-0.010,0.128,0.000,+0.00 -0.44 -0.90,36.47 x 15.00 x 15.00,36.80 x 15.00 x 15.00,+0.25 +0.00 +0.00 -0.08 -0.00 -0.00,0.254,40.30 x 20.50 x 15.00,36.80 x 15.00 x 15.00,3.252,-0.01 +0.12 +0.00 +3.46 +0.08 +5.49,49.48 -0.38 -0.53,49.47 -0.25 -0.52
Base Bone 1_V02 <1>,Robotic,Base Bone 1_V02,Robotic Hand_V5/Base Bone 1_V02-1,False,6,same pose; same extents,0.035,-0.025,-0.010,0.044,0.000,-0.03 -0.45 -0.89,31.50 x 15.00 x 15.00,31.50 x 15.00 x 15.00,-0.00 +0.00 +0.00 -0.00 -0.00 -0.00,0.000,31.50 x 15.00 x 15.00,31.50 x 15.00 x 15.00,0.035,-0.01 +0.02 +0.00 -0.03 -0.02 -0.01,-46.00 -0.28 -0.53,-46.03 -0.25 -0.52
Base Bone 1_V02 <2>,Robotic,Base Bone 1_V02,Robotic Hand_V5/Base Bone 1_V02-7,False,6,same pose; same extents,0.006,-0.013,-0.010,0.017,0.000,+0.00 -0.90 -0.44,31.50 x 15.00 x 15.00,31.50 x 15.00 x 15.00,-0.00 +0.00 +0.00 -0.00 -0.00 -0.00,0.000,31.50 x 15.00 x 15.00,31.50 x 15.00 x 15.00,0.010,+0.02 +0.02 +0.00 -0.01 +0.00 -0.01,-46.10 -27.84 -0.53,-46.11 -27.82 -0.52
Base Bone 1_V02 <3>,Robotic,Base Bone 1_V02,Robotic Hand_V5/Base Bone 1_V02-8,False,6,same pose; same extents,-0.051,-0.005,-0.010,0.053,0.035,-0.77 -0.42 -0.49,31.50 x 15.00 x 15.00,31.50 x 15.00 x 15.00,-0.00 +0.00 +0.00 -0.00 -0.00 -0.00,0.000,31.50 x 15.00 x 15.00,31.50 x 15.00 x 15.00,0.050,+0.05 +0.03 +0.00 +0.04 -0.01 -0.01,-55.47 -82.17 -0.53,-55.42 -82.16 -0.52
Base Bone 1_V02 <4>,Robotic,Base Bone 1_V02,Robotic Hand_V5/Base Bone 1_V02-9,False,6,same pose; same extents,-0.028,-0.022,-0.010,0.037,0.000,-0.00 -0.54 -0.84,31.50 x 15.00 x 15.00,31.50 x 15.00 x 15.00,-0.00 +0.00 +0.00 -0.00 -0.00 -0.00,0.000,31.50 x 15.00 x 15.00,31.50 x 15.00 x 15.00,0.026,+0.04 +0.02 +0.00 +0.01 -0.01 -0.01,-49.61 -55.22 -0.53,-49.58 -55.20 -0.52
Metacarpal Bone_V02 <2>,Robotic,Metacarpal Bone_V02,Robotic Hand_V5/Metacarpal Bone_V02-3,False,4,same pose; same extents,-0.012,-0.000,-0.010,0.016,0.000,-0.00 -0.29 -0.96,47.00 x 15.00 x 15.00,47.00 x 15.00 x 15.00,+0.00 +0.00 +0.00 -0.00 -0.00 -0.00,0.000,47.00 x 21.02 x 18.46,47.00 x 15.00 x 15.00,3.053,+0.02 +0.07 -0.52 +0.29 +3.45 +5.49,-61.06 -26.52 -0.53,-61.05 -26.52 -0.52
Proximal Phalanx Bone_V02_middlefinger <1>,Robotic,Proximal Phalanx Bone_V02_middlefinger,Robotic Hand_V5/Proximal Phalanx Bone_V02_middlefinger-1,False,1,same pose; same extents,-0.014,-0.055,-0.010,0.058,0.000,+0.00 -0.33 -0.94,64.60 x 15.00 x 15.00,64.60 x 15.00 x 15.00,-0.00 +0.00 +0.00 -0.00 -0.00 -0.00,0.000,64.70 x 20.57 x 15.00,64.60 x 15.00 x 15.07,2.754,-0.08 +0.10 +0.01 -0.00 +0.06 +5.49,-29.18 -29.36 -0.53,-29.17 -29.31 -0.52
Distal Phalanx Bone_V02 <2>,Robotic,Distal Phalanx Bone_V02,Robotic Hand_V5/Distal Phalanx Bone_V02-4,False,7,same pose; same extents,-0.001,-0.136,-0.010,0.137,0.167,+0.00 -0.45 -0.89,36.47 x 15.00 x 15.00,36.80 x 15.00 x 15.00,+0.25 +0.00 +0.00 -0.08 -0.00 -0.00,0.254,40.30 x 20.50 x 15.00,36.80 x 15.00 x 15.00,3.255,+0.03 -0.17 +0.00 +3.48 +0.10 +5.49,57.00 -36.98 -0.53,57.00 -36.85 -0.52
Metacarpal Bone_V02 <3>,Robotic,Metacarpal Bone_V02,Robotic Hand_V5/Metacarpal Bone_V02-4,False,4,same pose; same extents,-0.038,-0.010,-0.010,0.041,0.000,-0.40 -0.32 -0.86,47.00 x 15.00 x 15.00,47.00 x 15.00 x 15.00,+0.00 +0.00 +0.00 -0.00 -0.00 -0.00,0.000,47.00 x 21.02 x 18.46,47.00 x 15.00 x 15.00,3.057,+0.03 +0.06 -0.52 +0.63 +3.42 +5.49,-64.39 -52.60 -0.53,-64.35 -52.59 -0.52
Proximal Phalanx Bone_V02 <2>,Robotic,Proximal Phalanx Bone_V02,Robotic Hand_V5/Proximal Phalanx Bone_V02-2,False,4,same pose; same extents,-0.031,-0.041,-0.010,0.053,0.130,+0.40 -0.36 -0.84,56.60 x 15.00 x 15.00,56.60 x 15.00 x 15.00,-0.00 +0.00 +0.00 -0.00 -0.00 -0.00,0.000,56.70 x 20.57 x 15.00,56.60 x 15.00 x 15.07,2.751,-0.05 +0.08 +0.01 +0.05 +0.06 +5.49,-32.87 -58.19 -0.53,-32.84 -58.15 -0.52
Distal Phalanx Bone_V02 <3>,Robotic,Distal Phalanx Bone_V02,Robotic Hand_V5/Distal Phalanx Bone_V02-5,False,7,same pose; same extents,-0.046,-0.126,-0.010,0.134,0.000,+0.08 -0.45 -0.89,36.47 x 15.00 x 15.00,36.80 x 15.00 x 15.00,+0.25 +0.00 +0.00 -0.08 -0.00 -0.00,0.254,40.30 x 20.50 x 15.00,36.80 x 15.00 x 15.00,3.270,+0.04 -0.50 +0.00 +3.47 +0.08 +5.49,44.42 -71.91 -0.53,44.47 -71.78 -0.52
Proximal Phalanx Bone_V02_pinky <1>,Robotic,Proximal Phalanx Bone_V02_pinky,Robotic Hand_V5/Proximal Phalanx Bone_V02_pinky-1,False,1,same pose; same extents,-0.059,-0.033,-0.010,0.068,0.000,+0.25 -0.32 -0.91,46.60 x 15.00 x 15.00,46.60 x 15.00 x 15.00,-0.00 +0.00 +0.00 +0.00 -0.00 -0.00,0.000,46.70 x 20.57 x 15.00,46.60 x 15.00 x 15.07,2.751,-0.03 +0.08 +0.01 +0.07 +0.06 +5.49,-45.82 -84.78 -0.53,-45.76 -84.75 -0.52
Distal Phalanx Bone_V02 <4>,Robotic,Distal Phalanx Bone_V02,Robotic Hand_V5/Distal Phalanx Bone_V02-6,False,7,same pose; same extents,-0.083,-0.084,-0.010,0.118,0.000,+0.01 -0.65 -0.76,36.47 x 15.00 x 15.00,36.80 x 15.00 x 15.00,+0.25 +0.00 +0.00 -0.08 -0.00 -0.00,0.254,40.30 x 20.50 x 15.00,36.80 x 15.00 x 15.00,3.292,+0.09 -0.83 +0.00 +3.45 +0.06 +5.49,20.32 -102.56 -0.53,20.40 -102.48 -0.52
Metacarpal Bone_V02_pinky <1>,Robotic,Metacarpal Bone_V02_pinky,Robotic Hand_V5/Metacarpal Bone_V02_pinky-1,False,1,same pose; same extents,-0.066,-0.002,-0.010,0.066,0.143,-0.32 -0.58 -0.75,39.84 x 15.00 x 15.00,40.00 x 15.00 x 15.00,+0.08 +0.00 +0.00 -0.08 -0.00 -0.00,0.078,40.00 x 21.02 x 18.46,40.00 x 15.21 x 15.00,3.053,+0.08 +0.13 -0.52 +0.93 +3.25 +5.49,-69.98 -78.28 -0.53,-69.91 -78.28 -0.52
Distal Phalanx Bone_V02 <5>,Robotic,Distal Phalanx Bone_V02,Robotic Hand_V5/Assem2^Robotic Hand_V5-1/Distal Phalanx Bone_V02-1,False,7,MOVED; same extents,-9.294,7.723,0.990,12.125,6.068,+0.00 -0.01 +1.00,36.47 x 15.00 x 15.00,36.80 x 15.00 x 15.00,+0.25 +0.00 +0.00 -0.08 -0.00 -0.00,0.254,40.30 x 20.50 x 15.00,36.80 x 15.00 x 15.00,10.777,+7.18 -5.45 -1.00 +11.38 -4.92 +4.49,-83.13 107.54 -0.53,-73.84 99.82 -1.52
Metacarpal Bone_V02 <4>,Robotic,Metacarpal Bone_V02,Robotic Hand_V5/Assem2^Robotic Hand_V5-1/Metacarpal Bone_V02-1,False,4,MOVED; same extents,-1.200,-0.822,0.990,1.760,6.089,+0.00 -0.00 +1.00,47.00 x 15.00 x 15.00,47.00 x 15.00 x 15.00,+0.00 +0.00 +0.00 -0.00 -0.00 -0.00,0.000,47.00 x 21.02 x 18.46,47.00 x 15.00 x 15.00,2.356,-0.47 +0.29 -1.52 +4.05 +0.37 +4.49,-159.23 27.43 -0.53,-158.03 28.25 -1.52
Proximal Phalanx Bone_V02 <3>,Robotic,Proximal Phalanx Bone_V02,Robotic Hand_V5/Assem2^Robotic Hand_V5-1/Proximal Phalanx Bone_V02-1,False,4,MOVED; same extents,-3.560,1.669,0.990,4.054,6.073,+0.00 -0.00 +1.00,56.60 x 15.00 x 15.00,56.60 x 15.00 x 15.00,-0.00 +0.00 +0.00 -0.00 -0.00 -0.00,0.000,56.70 x 20.57 x 15.00,56.60 x 15.00 x 15.07,7.030,+4.06 -2.28 -0.99 +7.12 -5.48 +4.49,-137.21 50.65 -0.53,-133.65 48.98 -1.52
third_thumb_hinge <1>,Robotic,third_thumb_hinge,Robotic Hand_V5/Assem2^Robotic Hand_V5-1/third_thumb_hinge-1,False,1,MOVED; same extents,0.145,-2.229,1.091,2.486,6.052,-0.99 +0.01 +0.11,9.70 x 32.00 x 9.69,9.70 x 32.00 x 9.70,-0.00 -0.00 +0.00 +0.00 +0.00 -0.00,0.005,9.70 x 9.76 x 32.00,9.70 x 32.00 x 9.76,1.765,+0.27 +1.85 -0.99 +1.77 +0.17 -1.09,-171.83 14.17 -0.43,-171.98 16.40 -1.52
second_thumb_hinge <1>,Robotic,second_thumb_hinge,Robotic Hand_V5/Assem2^Robotic Hand_V5-1/second_thumb_hinge-1,False,1,MOVED; GEOMETRY CHANGED (tight box differs by up to 3.0 mm),0.161,-0.884,1.066,1.394,6.104,-0.01 +1.00 +0.01,14.46 x 13.63 x 30.50,15.88 x 13.66 x 30.00,+1.38 +0.02 -3.00 -0.04 -0.02 -2.50,3.000,14.68 x 30.50 x 13.67,15.88 x 13.67 x 30.09,4.107,-0.39 +3.49 -1.04 -2.24 +3.98 -1.09,-161.85 17.75 -0.46,-162.01 18.64 -1.52
driver_side_palm_cover3 <1>,Palm_rigid,driver_side_palm_cover3,Robotic Hand_V5/driver_side_palm_cover3-1,False,1,same pose; GEOMETRY CHANGED (tight box differs by up to 48.9 mm),0.004,0.002,0.004,0.006,0.000,+0.00 -0.67 -0.74,79.77 x 22.37 x 67.75,128.65 x 36.87 x 68.03,-0.00 +14.50 +0.28 -48.88 -0.00 -0.00,48.885,79.90 x 68.03 x 22.43,128.72 x 36.87 x 68.39,25.454,+48.82 +0.01 +0.42 -0.01 -14.44 +0.05,-143.43 15.75 -21.39,-143.44 15.75 -21.39
Shell1 <1>,Palm_rigid,Shell1,Robotic Hand_V5/Battery_case-1/Shell1-1,False,1,same pose; same extents,-0.008,-0.001,0.012,0.014,0.138,-0.98 -0.01 +0.20,110.48 x 120.00 x 66.43,110.49 x 120.00 x 66.51,+0.00 +0.00 -0.00 -0.00 +0.00 -0.08,0.076,138.92 x 78.29 x 140.52,138.92 x 134.14 x 78.29,3.198,+0.01 -0.83 -0.00 +6.34 +0.00 +0.00,-65.76 -38.23 -3.40,-65.75 -38.23 -3.42
driver_side_palm_cover2 <1>,Palm_rigid,driver_side_palm_cover2,Robotic Hand_V5/driver_side_palm_cover2-1,False,1,same pose; same extents,-0.008,-0.001,0.004,0.009,0.000,-0.83 -0.00 +0.55,108.10 x 19.83 x 52.87,108.11 x 19.83 x 52.87,+0.00 +0.00 +0.00 -0.00 +0.00 -0.00,0.005,108.10 x 52.87 x 19.83,108.10 x 19.84 x 52.87,0.012,+0.01 +0.01 +0.01 -0.01 +0.01 -0.01,-104.78 -80.85 -21.39,-104.77 -80.85 -21.39
Base Bone 1.2_V02_ringfing <1>,Palm_rigid,Base Bone 1.2_V02_ringfing,Robotic Hand_V5/Base Bone 1.2_V02_ringfing-1,False,1,same pose; same extents,0.007,-0.001,-0.010,0.012,0.000,-0.01 +0.25 -0.97,96.65 x 15.00 x 21.00,96.80 x 15.00 x 21.00,+0.00 +0.00 +0.00 -0.15 -0.00 -0.00,0.152,96.80 x 21.00 x 15.00,96.80 x 15.00 x 21.00,0.007,-0.00 +0.00 +0.00 -0.01 +0.00 -0.01,-162.97 -35.20 -0.53,-162.97 -35.20 -0.52
Base Bone 1.2_V02_pinky <1>,Palm_rigid,Base Bone 1.2_V02_pinky,Robotic Hand_V5/Base Bone 1.2_V02_pinky-1,False,1,same pose; same extents,-0.006,-0.013,-0.010,0.017,0.078,-0.92 -0.27 -0.28,96.65 x 15.00 x 21.00,96.80 x 15.00 x 21.00,-0.00 +0.00 +0.00 -0.15 -0.00 -0.00,0.152,96.84 x 21.00 x 15.00,96.84 x 15.00 x 21.00,0.006,-0.01 -0.00 +0.00 +0.01 +0.00 -0.01,-166.65 -52.38 -0.53,-166.64 -52.36 -0.52
Base Bone 1.2_V02_middlefinger <1>,Palm_rigid,Base Bone 1.2_V02_middlefinger,Robotic Hand_V5/Base Bone 1.2_V02_middlefinger-2,False,1,same pose; same extents,0.005,0.010,-0.010,0.015,0.076,+0.08 +0.43 -0.90,96.65 x 15.00 x 21.00,96.80 x 15.00 x 21.00,+0.00 +0.00 +0.00 -0.15 -0.00 -0.00,0.152,96.80 x 21.00 x 15.00,96.80 x 15.00 x 21.00,0.007,-0.01 -0.01 +0.00 +0.01 +0.01 -0.01,-160.81 -17.78 -0.53,-160.81 -17.79 -0.52
Base Bone 1.2_V02_pointerfinger_and_thumb_attachment <1>,Palm_rigid,Base Bone 1.2_V02_pointerfinger_and_thumb_attachment,Robotic Hand_V5/Base Bone 1.2_V02_pointerfinger_and_thumb_attachment-1,False,1,same pose; same extents,-0.010,-0.000,-0.010,0.014,0.000,+0.00 +0.00 -1.00,96.65 x 15.00 x 21.00,96.80 x 15.00 x 21.00,+0.00 +0.00 +0.00 -0.15 -0.00 -0.00,0.152,102.72 x 21.00 x 18.96,96.80 x 15.00 x 21.00,3.120,-5.91 -0.01 -0.96 +0.01 +0.01 +2.99,-161.19 -0.25 -0.53,-161.18 -0.25 -0.52
cover_back <1>,Palm_rigid,cover_back,Robotic Hand_V5/cover_back-1,False,1,same pose; GEOMETRY CHANGED (tight box differs by up to 7.9 mm),-0.011,0.003,0.012,0.016,0.000,+0.08 -0.53 +0.84,79.09 x 4.50 x 56.41,71.14 x 4.50 x 56.43,+0.00 +0.00 +0.00 +7.95 +0.00 -0.02,7.949,90.48 x 56.75 x 6.25,87.57 x 6.65 x 56.71,1.447,-0.12 +0.02 -0.04 -0.15 +2.86 -0.01,-190.02 -62.66 -3.40,-190.01 -62.66 -3.42
Palm2 <1>,Palm_Deformable,Palm2,Robotic Hand_V5/Palm2-1,False,3,same pose; same extents,0.009,-0.011,-0.003,0.015,0.138,+0.00 +0.98 +0.22,8.65 x 64.93 x 0.60,8.65 x 64.93 x 0.60,-0.00 +0.00 +0.00 +0.00 +0.00 +0.00,0.004,8.65 x 0.60 x 64.93,8.65 x 64.93 x 0.60,0.010,-0.01 +0.00 +0.00 -0.01 +0.00 -0.01,-154.20 -11.02 -1.63,-154.21 -11.01 -1.62
Palm2 <2>,Palm_Deformable,Palm2,Robotic Hand_V5/Palm2-2,False,3,same pose; same extents,0.003,-0.012,-0.003,0.012,0.111,+0.23 +0.00 +0.97,8.65 x 64.93 x 0.60,8.65 x 64.93 x 0.60,-0.00 +0.00 +0.00 +0.00 +0.00 +0.00,0.004,8.65 x 0.60 x 64.93,8.65 x 64.93 x 0.60,0.004,-0.00 -0.01 +0.00 -0.01 -0.00 -0.01,-155.78 -28.96 -1.63,-155.78 -28.94 -1.62
Palm2 <3>,Palm_Deformable,Palm2,Robotic Hand_V5/Palm2-3,False,3,same pose; same extents,0.004,0.011,0.007,0.013,0.000,+0.90 +0.00 +0.43,8.65 x 64.93 x 0.60,8.65 x 64.93 x 0.60,-0.00 +0.00 +0.00 +0.00 +0.00 +0.00,0.004,8.65 x 0.60 x 64.93,8.65 x 64.93 x 0.60,0.009,+0.01 -0.01 +0.00 +0.00 -0.01 -0.01,-158.90 -46.66 -1.02,-158.91 -46.67 -1.02
Palm1 <1>,Palm_Deformable,Palm1,Robotic Hand_V5/Palm1-1,False,1,same pose; same extents,0.007,-0.011,-0.003,0.014,0.000,+0.00 -0.98 -0.20,18.00 x 65.00 x 3.60,18.00 x 65.00 x 3.60,+0.00 +0.00 -0.00 -0.00 -0.00 +0.00,0.000,83.46 x 3.60 x 146.49,18.00 x 65.00 x 3.60,33.714,-8.25 -41.72 -0.00 +73.24 +23.73 -0.01,-89.20 -11.02 -1.63,-89.21 -11.01 -1.62
Palm2_2 <1>,Palm_Deformable,Palm2_2,Robotic Hand_V5/Palm2_2-1,False,1,same pose; same extents,-0.006,-0.011,-0.003,0.013,0.000,+0.92 -0.01 -0.39,18.00 x 65.00 x 3.60,18.00 x 65.00 x 3.60,+0.00 +0.00 -0.00 -0.00 -0.00 +0.00,0.000,83.46 x 3.60 x 146.49,18.00 x 65.00 x 3.60,33.725,-11.85 -47.95 -0.00 +75.03 +24.37 -0.01,-91.03 -34.62 -1.63,-91.03 -34.61 -1.62
Palm3_2 <1>,Palm_Deformable,Palm3_2,Robotic Hand_V5/Palm3_2-1,False,1,same pose; same extents,-0.000,-0.005,-0.003,0.006,0.092,+0.00 -0.99 +0.12,18.00 x 65.00 x 3.60,18.00 x 65.00 x 3.60,+0.00 +0.00 -0.00 -0.00 -0.00 +0.00,0.000,83.46 x 3.60 x 146.49,18.00 x 65.00 x 3.60,33.721,-15.37 -53.81 -0.00 +76.25 +24.81 -0.01,-94.89 -57.96 -1.63,-94.89 -57.96 -1.62
Palm_pinky <1>,Palm_Deformable,Palm_pinky,Robotic Hand_V5/Palm_pinky-1,False,1,same pose; same extents,0.003,0.005,-0.003,0.007,0.000,+0.90 +0.02 -0.43,15.00 x 65.00 x 3.60,15.00 x 65.00 x 3.60,+0.00 +0.00 -0.00 -0.00 -0.00 +0.00,0.000,15.00 x 3.60 x 65.00,15.00 x 65.00 x 3.60,0.008,-0.00 -0.00 -0.00 -0.01 -0.01 -0.01,-100.00 -77.98 -1.63,-100.00 -77.98 -1.62
palm_bone_flex <1>,Palm_Deformable,palm_bone_flex,Robotic Hand_V5/palm_bone_flex-1,False,1,same pose; GEOMETRY CHANGED (tight box differs by up to 1.3 mm),0.003,0.003,0.007,0.008,0.000,-0.18 -0.98 +0.00,22.00 x 3.60 x 50.00,20.70 x 3.60 x 50.00,+0.00 +0.00 -0.00 +1.30 +0.00 +0.00,1.300,22.00 x 50.00 x 3.79,20.70 x 3.79 x 50.00,0.649,+0.00 -0.15 -0.01 +1.29 -0.01 -0.01,-165.18 -25.91 -1.02,-165.18 -25.91 -1.02
palm_bone_flex <2>,Palm_Deformable,palm_bone_flex,Robotic Hand_V5/palm_bone_flex-1,False,1,same pose; GEOMETRY CHANGED (tight box differs by up to 1.3 mm),0.003,0.003,0.007,0.008,0.000,-0.18 -0.98 +0.00,22.00 x 3.60 x 50.00,20.70 x 3.60 x 50.00,+0.00 +0.00 -0.00 +1.30 +0.00 +0.00,1.300,22.00 x 50.00 x 3.79,20.70 x 3.79 x 50.00,0.649,+0.00 -0.15 -0.01 +1.29 -0.01 -0.01,-165.18 -25.91 -1.02,-165.18 -25.91 -1.02
hand_pulley_wheel_thumb <1>,,hand_pulley_wheel_thumb,(no SolidWorks instance of this model),,,missing in SW,,,,,,,,,,,,,,,,
first_thumb_hinge <1>,Assem5,first_thumb_hinge,Robotic Hand_V5/Assem2^Robotic Hand_V5-1/first_thumb_hinge-1,False,2,MOVED; GEOMETRY CHANGED (tight box differs by up to 17.5 mm),-0.832,-1.867,0.990,2.271,6.125,-0.01 -1.00 -0.00,21.28 x 17.00 x 42.47,21.04 x 17.00 x 25.00,-0.24 -0.00 -17.47 +0.00 +0.00 -0.00,17.470,21.28 x 43.35 x 18.73,21.29 x 17.00 x 26.46,7.395,-4.42 -16.22 -2.06 +12.13 +7.71 -0.33,-170.78 26.11 -0.53,-169.94 27.97 -1.52
