instance,model,hidden,nearest_simulacra_seat,seat_mid_to_can_axis_mm,seat_axis_angle_deg,can_centre_minus_seat_mid_along_seat_axis_mm,can_centre_os,can_axis_os(gearbox->rear),motor_rear_centre_os,gearbox_front_centre_os,output_shaft_centre_os,output_shaft_axis_os(model+z),shaft_end_model+z_os,shaft_end_model-z_os,d_flat_normal_os(as modelled),pulley_on_shaft,overlapping_N20.sat,bbox_centre_os,tight_size_model_xyz,can_axis_os(shaft tip->encoder),output_shaft_dir_os(out of gearbox),output_shaft_tip_os,encoder_pcb_centre_os,encoder_tab_and_connector_side_os(model+z),connector_centre_os,rear_end_os,overlapping_GM12
GM12-N20-双出轴-Motor.STEP-9,GM12-N20 worm (GM12-N20VA),False,IW,0.48,0.32,7.7,-165.06 -0.25 -9.45,-0.8576 0.0000 0.5143,-173.13 -0.25 -4.61,-143.80 -0.25 -22.20,-147.19 -0.25 -20.16,-0.5143 0.0000 -0.8576,-154.91 -0.25 -33.03,-139.48 -0.25 -7.30,0.858 0.000 -0.514,hand_pulley_wheel22-4 (groove at +16.5 mm along model+z),"N20.sat-18 (can centres 1.0 mm apart, axis offset 0.0 mm)",-158.89 -0.25 -13.15,12.00 35.19 30.00,,,,,,,,
GM12-N20-双出轴-Motor.STEP-21,GM12-N20 worm (GM12-N20VA),False,I1,0.47,0.28,4.43,-138.56 -0.25 -9.45,-0.8576 0.0000 0.5143,-146.62 -0.25 -4.61,-117.29 -0.25 -22.20,-120.69 -0.25 -20.16,-0.5143 0.0000 -0.8576,-128.40 -0.25 -33.03,-112.97 -0.25 -7.30,0.858 0.000 -0.514,hand_pulley_wheel22-6 (groove at +16.5 mm along model+z),"N20.sat-8 (can centres 1.0 mm apart, axis offset 0.0 mm)",-132.38 -0.25 -13.15,12.00 35.19 30.00,,,,,,,,
GM12-N20-双出轴-Motor.STEP-20,GM12-N20 worm (GM12-N20VA),False,I2,0.46,0.28,4.46,-118.63 -0.25 -9.45,-0.8576 0.0000 0.5143,-126.69 -0.25 -4.61,-97.36 -0.25 -22.20,-100.76 -0.25 -20.16,-0.5143 0.0000 -0.8576,-108.47 -0.25 -33.03,-93.04 -0.25 -7.30,0.858 0.000 -0.514,hand_pulley_wheel22-7 (groove at +16.5 mm along model+z),"N20.sat-7 (can centres 1.0 mm apart, axis offset 0.0 mm)",-112.45 -0.25 -13.15,12.00 35.19 30.00,,,,,,,,
GM12-N20-双出轴-Motor.STEP-19,GM12-N20 worm (GM12-N20VA),False,I3,0.44,0.28,4.48,-98.70 -0.25 -9.45,-0.8576 0.0000 0.5143,-106.76 -0.25 -4.61,-77.43 -0.25 -22.20,-80.82 -0.25 -20.16,-0.5143 0.0000 -0.8576,-88.54 -0.25 -33.03,-73.11 -0.25 -7.30,0.858 0.000 -0.514,hand_pulley_wheel22-8 (groove at +16.5 mm along model+z),"N20.sat-1 (can centres 1.0 mm apart, axis offset 0.0 mm)",-92.52 -0.25 -13.15,12.00 35.19 30.00,,,,,,,,
GM12-N20-双出轴-Motor.STEP-6,GM12-N20 worm (GM12-N20VA),False,MW,0.51,0.29,7.54,-164.68 -17.45 -9.45,-0.8544 0.0747 0.5143,-172.72 -16.75 -4.61,-143.50 -19.30 -22.20,-146.88 -19.01 -20.16,0.5123 -0.0448 0.8576,-139.19 -19.68 -7.30,-154.56 -18.34 -33.03,0.854 -0.075 -0.514,hand_pulley_wheel1-8 (groove at -9.0 mm along model+z),"N20.sat-20 (can centres 0.8 mm apart, axis offset 0.0 mm)",-158.53 -17.99 -13.15,12.00 35.19 30.00,,,,,,,,
GM12-N20-双出轴-Motor.STEP-17,GM12-N20 worm (GM12-N20VA),False,M1,0.46,0.29,4.48,-138.28 -19.76 -9.45,-0.8544 0.0747 0.5143,-146.31 -19.06 -4.61,-117.09 -21.61 -22.20,-120.48 -21.32 -20.16,-0.5123 0.0448 -0.8576,-128.16 -20.65 -33.03,-112.79 -21.99 -7.30,0.854 -0.075 -0.514,hand_pulley_wheel1-7 (groove at +9.0 mm along model+z),"N20.sat-9 (can centres 1.0 mm apart, axis offset 0.0 mm)",-132.12 -20.30 -13.15,12.00 35.19 30.00,,,,,,,,
GM12-N20-双出轴-Motor.STEP-16,GM12-N20 worm (GM12-N20VA),False,M2,0.44,0.29,4.45,-118.43 -21.50 -9.45,-0.8544 0.0747 0.5143,-126.46 -20.80 -4.61,-97.24 -23.35 -22.20,-100.62 -23.06 -20.16,-0.5123 0.0448 -0.8576,-108.31 -22.38 -33.03,-92.94 -23.73 -7.30,0.854 -0.075 -0.514,hand_pulley_wheel1-4 (groove at +9.0 mm along model+z),"N20.sat-10 (can centres 1.0 mm apart, axis offset 0.0 mm)",-112.27 -22.04 -13.15,12.00 35.19 30.00,,,,,,,,
GM12-N20-双出轴-Motor.STEP-8,GM12-N20 worm (GM12-N20VA),False,RW,0.52,0.39,7.7,-166.80 -34.53 -9.45,-0.8446 0.1489 0.5143,-174.74 -33.13 -4.61,-145.85 -38.22 -22.20,-149.20 -37.63 -20.16,-0.5065 0.0893 -0.8576,-156.80 -36.29 -33.03,-141.60 -38.97 -7.30,0.845 -0.149 -0.514,hand_pulley_wheel22-5 (groove at +16.5 mm along model+z),"N20.sat-21 (can centres 1.0 mm apart, axis offset 0.0 mm)",-160.72 -35.60 -13.15,12.00 35.19 30.00,,,,,,,,
GM12-N20-双出轴-Motor.STEP-15,GM12-N20 worm (GM12-N20VA),False,M3,0.48,0.29,4.49,-98.57 -23.24 -9.45,-0.8544 0.0747 0.5143,-106.60 -22.53 -4.61,-77.38 -25.09 -22.20,-80.77 -24.79 -20.16,-0.5123 0.0448 -0.8576,-88.45 -24.12 -33.03,-73.08 -25.47 -7.30,0.854 -0.075 -0.514,hand_pulley_wheel1-2 (groove at +9.0 mm along model+z),"N20.sat-11 (can centres 1.0 mm apart, axis offset 0.0 mm)",-92.41 -23.77 -13.15,12.00 35.19 30.00,,,,,,,,
GM12-N20-双出轴-Motor.STEP-2,GM12-N20 worm (GM12-N20VA),False,PW,0.34,0.22,7.69,-170.40 -51.36 -9.45,-0.8284 0.2220 0.5143,-178.18 -49.27 -4.61,-149.85 -56.86 -22.20,-153.13 -55.98 -20.16,-0.4967 0.1331 -0.8576,-160.58 -53.99 -33.03,-145.68 -57.98 -7.30,0.828 -0.222 -0.514,hand_pulley_wheel1-6 (groove at +9.0 mm along model+z),"N20.sat-22 (can centres 1.0 mm apart, axis offset 0.0 mm)",-164.43 -52.96 -13.15,12.00 35.19 30.00,,,,,,,,
GM12-N20-双出轴-Motor.STEP-11,GM12-N20 worm (GM12-N20VA),False,R1,0.42,0.28,4.48,-140.70 -39.13 -9.45,-0.8446 0.1489 0.5143,-148.64 -37.73 -4.61,-119.75 -42.82 -22.20,-123.10 -42.23 -20.16,-0.5065 0.0893 -0.8576,-130.69 -40.89 -33.03,-115.50 -43.57 -7.30,0.845 -0.149 -0.514,hand_pulley_wheel22-3 (groove at +16.5 mm along model+z),"N20.sat-17 (can centres 1.0 mm apart, axis offset 0.0 mm)",-134.61 -40.20 -13.15,12.00 35.19 30.00,,,,,,,,
GM12-N20-双出轴-Motor.STEP-12,GM12-N20 worm (GM12-N20VA),False,R2,0.47,0.28,4.42,-121.07 -42.59 -9.45,-0.8446 0.1489 0.5143,-129.01 -41.19 -4.61,-100.12 -46.29 -22.20,-103.47 -45.70 -20.16,-0.5065 0.0893 -0.8576,-111.07 -44.36 -33.03,-95.87 -47.04 -7.30,0.845 -0.149 -0.514,hand_pulley_wheel22-2 (groove at +16.5 mm along model+z),"N20.sat-15 (can centres 1.0 mm apart, axis offset 0.0 mm)",-114.98 -43.66 -13.15,12.00 35.19 30.00,,,,,,,,
GM12-N20-双出轴-Motor.STEP-14,GM12-N20 worm (GM12-N20VA),False,R3,0.49,0.28,4.44,-101.44 -46.05 -9.45,-0.8446 0.1489 0.5143,-109.38 -44.65 -4.61,-80.50 -49.75 -22.20,-83.84 -49.16 -20.16,-0.5065 0.0893 -0.8576,-91.44 -47.82 -33.03,-76.24 -50.50 -7.30,0.845 -0.149 -0.514,hand_pulley_wheel22-1 (groove at +16.5 mm along model+z),"N20.sat-16 (can centres 1.0 mm apart, axis offset 0.0 mm)",-95.36 -47.13 -13.15,12.00 35.19 30.00,,,,,,,,
GM12-N20-双出轴-Motor.STEP-3,GM12-N20 worm (GM12-N20VA),False,P1,0.46,0.29,4.43,-144.80 -58.22 -9.45,-0.8284 0.2220 0.5143,-152.58 -56.13 -4.61,-124.25 -63.72 -22.20,-127.53 -62.84 -20.16,-0.4967 0.1331 -0.8576,-134.98 -60.85 -33.03,-120.08 -64.84 -7.30,0.828 -0.222 -0.514,hand_pulley_wheel1-5 (groove at +9.0 mm along model+z),"N20.sat-14 (can centres 1.0 mm apart, axis offset 0.0 mm)",-138.83 -59.82 -13.15,12.00 35.19 30.00,,,,,,,,
GM12-N20-双出轴-Motor.STEP-4,GM12-N20 worm (GM12-N20VA),False,P2,0.49,0.29,4.46,-125.54 -63.37 -9.45,-0.8284 0.2220 0.5143,-133.33 -61.29 -4.61,-105.00 -68.88 -22.20,-108.28 -68.00 -20.16,-0.4967 0.1331 -0.8576,-115.73 -66.00 -33.03,-100.83 -70.00 -7.30,0.828 -0.222 -0.514,hand_pulley_wheel1-3 (groove at +9.0 mm along model+z),"N20.sat-12 (can centres 1.0 mm apart, axis offset 0.0 mm)",-119.58 -64.97 -13.15,12.00 35.19 30.00,,,,,,,,
GM12-N20-双出轴-Motor.STEP-5,GM12-N20 worm (GM12-N20VA),False,P3,0.44,0.29,4.44,-106.29 -68.53 -9.45,-0.8284 0.2220 0.5143,-114.08 -66.45 -4.61,-85.75 -74.04 -22.20,-89.03 -73.16 -20.16,-0.4967 0.1331 -0.8576,-96.48 -71.16 -33.03,-81.58 -75.16 -7.30,0.828 -0.222 -0.514,hand_pulley_wheel1-1 (groove at +9.0 mm along model+z),"N20.sat-13 (can centres 1.0 mm apart, axis offset 0.0 mm)",-100.32 -70.13 -13.15,12.00 35.19 30.00,,,,,,,,
N20.sat-18,N20.sat straight N20 + Hall encoder,False,IW,0.48,0.32,6.73,-165.90 -0.25 -8.94,,,-151.86 -0.25 -17.37,,,,,,,,-158.55 -0.25 -9.86,40.80 12.00 16.00,-0.8576 0.0000 0.5143,0.8576 -0.0000 -0.5143,-142.59 -0.25 -22.92,-171.75 -0.25 -1.94,0.514 0.000 0.858,-170.75 -0.25 4.15,-177.59 -0.25 -1.94,GM12-N20-双出轴-Motor.STEP-9 (can centres 1.0 mm apart)
N20.sat-8,N20.sat straight N20 + Hall encoder,False,I1,0.47,0.28,3.46,-139.40 -0.25 -8.94,,,-125.35 -0.25 -17.37,,,,,,,,-132.04 -0.25 -9.86,40.80 12.00 16.00,-0.8576 0.0000 0.5143,0.8576 -0.0000 -0.5143,-116.09 -0.25 -22.92,-145.25 -0.25 -1.94,0.514 0.000 0.858,-144.24 -0.25 4.15,-151.08 -0.25 -1.94,GM12-N20-双出轴-Motor.STEP-21 (can centres 1.0 mm apart)
N20.sat-7,N20.sat straight N20 + Hall encoder,False,I2,0.45,0.28,3.48,-119.46 -0.25 -8.94,,,-105.42 -0.25 -17.37,,,,,,,,-112.11 -0.25 -9.86,40.80 12.00 16.00,-0.8576 0.0000 0.5143,0.8576 -0.0000 -0.5143,-96.16 -0.25 -22.92,-125.32 -0.25 -1.94,0.514 0.000 0.858,-124.31 -0.25 4.15,-131.15 -0.25 -1.94,GM12-N20-双出轴-Motor.STEP-20 (can centres 1.0 mm apart)
N20.sat-1,N20.sat straight N20 + Hall encoder,False,I3,0.44,0.28,3.51,-99.53 -0.25 -8.94,,,-85.49 -0.25 -17.37,,,,,,,,-92.18 -0.25 -9.86,40.80 12.00 16.00,-0.8576 0.0000 0.5143,0.8576 -0.0000 -0.5143,-76.23 -0.25 -22.92,-105.39 -0.25 -1.94,0.514 0.000 0.858,-104.38 -0.25 4.15,-111.22 -0.25 -1.94,GM12-N20-双出轴-Motor.STEP-19 (can centres 1.0 mm apart)
N20.sat-20,N20.sat straight N20 + Hall encoder,False,MW,0.51,0.29,6.79,-165.33 -17.40 -9.06,,,-151.34 -18.62 -17.48,,,,,,,,-158.00 -18.04 -9.97,40.80 12.00 16.00,-0.8544 0.0747 0.5143,0.8544 -0.0747 -0.5143,-142.11 -19.43 -23.03,-171.16 -16.88 -2.05,0.512 -0.045 0.858,-170.16 -16.97 4.03,-176.97 -16.38 -2.05,GM12-N20-双出轴-Motor.STEP-6 (can centres 0.8 mm apart)
N20.sat-9,N20.sat straight N20 + Hall encoder,False,M1,0.46,0.29,3.51,-139.11 -19.69 -8.94,,,-125.12 -20.91 -17.37,,,,,,,,-131.79 -20.33 -9.86,40.80 12.00 16.00,-0.8544 0.0747 0.5143,0.8544 -0.0747 -0.5143,-115.90 -21.72 -22.92,-144.95 -19.18 -1.94,0.512 -0.045 0.858,-143.94 -19.27 4.15,-150.75 -18.67 -1.94,GM12-N20-双出轴-Motor.STEP-17 (can centres 1.0 mm apart)
N20.sat-10,N20.sat straight N20 + Hall encoder,False,M2,0.44,0.29,3.47,-119.26 -21.43 -8.94,,,-105.27 -22.65 -17.37,,,,,,,,-111.93 -22.07 -9.86,40.80 12.00 16.00,-0.8544 0.0747 0.5143,0.8544 -0.0747 -0.5143,-96.04 -23.46 -22.92,-125.09 -20.92 -1.94,0.512 -0.045 0.858,-124.09 -21.00 4.15,-130.90 -20.41 -1.94,GM12-N20-双出轴-Motor.STEP-16 (can centres 1.0 mm apart)
N20.sat-21,N20.sat straight N20 + Hall encoder,False,RW,0.52,0.39,6.72,-167.62 -34.38 -8.94,,,-153.79 -36.82 -17.37,,,,,,,,-160.38 -35.66 -9.86,40.80 12.00 16.00,-0.8446 0.1489 0.5143,0.8446 -0.1489 -0.5143,-144.67 -38.43 -22.92,-173.39 -33.37 -1.94,0.506 -0.089 0.858,-172.40 -33.54 4.15,-179.13 -32.35 -1.94,GM12-N20-双出轴-Motor.STEP-8 (can centres 1.0 mm apart)
N20.sat-11,N20.sat straight N20 + Hall encoder,False,M3,0.48,0.29,3.52,-99.40 -23.16 -8.94,,,-85.41 -24.39 -17.37,,,,,,,,-92.08 -23.80 -9.86,40.80 12.00 16.00,-0.8544 0.0747 0.5143,0.8544 -0.0747 -0.5143,-76.19 -25.19 -22.92,-105.23 -22.65 -1.94,0.512 -0.045 0.858,-104.23 -22.74 4.15,-111.04 -22.14 -1.94,GM12-N20-双出轴-Motor.STEP-15 (can centres 1.0 mm apart)
N20.sat-22,N20.sat straight N20 + Hall encoder,False,PW,0.34,0.22,6.71,-171.20 -51.14 -8.94,,,-157.64 -54.78 -17.37,,,,,,,,-164.10 -53.04 -9.86,40.80 12.00 16.00,-0.8284 0.2220 0.5143,0.8284 -0.2220 -0.5143,-148.69 -57.17 -22.92,-176.86 -49.63 -1.94,0.497 -0.133 0.858,-175.89 -49.89 4.15,-182.49 -48.12 -1.94,GM12-N20-双出轴-Motor.STEP-2 (can centres 1.0 mm apart)
N20.sat-17,N20.sat straight N20 + Hall encoder,False,R1,0.42,0.28,3.51,-141.52 -38.99 -8.94,,,-127.69 -41.42 -17.37,,,,,,,,-134.28 -40.26 -9.86,40.80 12.00 16.00,-0.8446 0.1489 0.5143,0.8446 -0.1489 -0.5143,-118.57 -43.03 -22.92,-147.29 -37.97 -1.94,0.506 -0.089 0.858,-146.30 -38.14 4.15,-153.03 -36.96 -1.94,GM12-N20-双出轴-Motor.STEP-11 (can centres 1.0 mm apart)
N20.sat-15,N20.sat straight N20 + Hall encoder,False,R2,0.47,0.28,3.44,-121.89 -42.45 -8.94,,,-108.06 -44.89 -17.37,,,,,,,,-114.65 -43.72 -9.86,40.80 12.00 16.00,-0.8446 0.1489 0.5143,0.8446 -0.1489 -0.5143,-98.94 -46.49 -22.92,-127.66 -41.43 -1.94,0.506 -0.089 0.858,-126.67 -41.61 4.15,-133.40 -40.42 -1.94,GM12-N20-双出轴-Motor.STEP-12 (can centres 1.0 mm apart)
N20.sat-16,N20.sat straight N20 + Hall encoder,False,R3,0.49,0.28,3.46,-102.26 -45.91 -8.94,,,-88.43 -48.35 -17.37,,,,,,,,-95.02 -47.18 -9.86,40.80 12.00 16.00,-0.8446 0.1489 0.5143,0.8446 -0.1489 -0.5143,-79.31 -49.96 -22.92,-108.03 -44.89 -1.94,0.506 -0.089 0.858,-107.04 -45.07 4.15,-113.77 -43.88 -1.94,GM12-N20-双出轴-Motor.STEP-14 (can centres 1.0 mm apart)
N20.sat-14,N20.sat straight N20 + Hall encoder,False,P1,0.46,0.29,3.46,-145.60 -58.00 -8.94,,,-132.04 -61.64 -17.37,,,,,,,,-138.50 -59.90 -9.86,40.80 12.00 16.00,-0.8284 0.2220 0.5143,0.8284 -0.2220 -0.5143,-123.09 -64.03 -22.92,-151.26 -56.49 -1.94,0.497 -0.133 0.858,-150.29 -56.75 4.15,-156.89 -54.98 -1.94,GM12-N20-双出轴-Motor.STEP-3 (can centres 1.0 mm apart)
N20.sat-12,N20.sat straight N20 + Hall encoder,False,P2,0.49,0.29,3.49,-126.35 -63.16 -8.94,,,-112.79 -66.79 -17.37,,,,,,,,-119.25 -65.06 -9.86,40.80 12.00 16.00,-0.8284 0.2220 0.5143,0.8284 -0.2220 -0.5143,-103.84 -69.19 -22.92,-132.01 -61.64 -1.94,0.497 -0.133 0.858,-131.03 -61.90 4.15,-137.64 -60.13 -1.94,GM12-N20-双出轴-Motor.STEP-4 (can centres 1.0 mm apart)
N20.sat-13,N20.sat straight N20 + Hall encoder,False,P3,0.44,0.29,3.46,-107.10 -68.32 -8.94,,,-93.53 -71.95 -17.37,,,,,,,,-100.00 -70.22 -9.86,40.80 12.00 16.00,-0.8284 0.2220 0.5143,0.8284 -0.2220 -0.5143,-84.59 -74.35 -22.92,-112.75 -66.80 -1.94,0.497 -0.133 0.858,-111.78 -67.06 4.15,-118.39 -65.29 -1.94,GM12-N20-双出轴-Motor.STEP-5 (can centres 1.0 mm apart)
