file,instances_in_V5_visible,instances_in_V5_hidden,n_vertices,sw_part_frame_min,sw_part_frame_max,size_sw_xyz,onshape_part_frame_min,onshape_part_frame_max
1100mAh lipo v8.SLDPRT,0,0,3248,-14.00 -23.00 -0.00,14.00 23.20 8.00,28.00 x 46.20 x 8.00,-14.00 -8.00 -23.00,14.00 0.00 23.20
Base Bone 1.2_V02.SLDPRT,0,0,2322,0.00 -9.50 -7.50,96.80 9.50 7.50,96.80 x 19.00 x 15.00,0.00 -7.50 -9.50,96.80 7.50 9.50
Base Bone 1.2_V02_metacarpal2.SLDPRT,0,0,12470,-0.00 -11.50 -9.50,96.80 11.50 7.50,96.80 x 23.00 x 17.00,-0.00 -7.50 -11.50,96.80 9.50 11.50
Base Bone 1.2_V02_metacarpal3.SLDPRT,0,0,12471,-0.00 -11.50 -9.50,96.80 11.50 7.50,96.80 x 23.00 x 17.00,-0.00 -7.50 -11.50,96.80 9.50 11.50
Base Bone 1.2_V02_middlefinger.SLDPRT,1,0,16805,0.00 -10.50 -7.50,96.80 10.50 7.50,96.80 x 21.00 x 15.00,0.00 -7.50 -10.50,96.80 7.50 10.50
Base Bone 1.2_V02_middlefinger_and_thumb_attachment.SLDPRT,0,0,2832,0.00 -9.50 -7.50,96.80 21.27 19.57,96.80 x 30.77 x 27.07,0.00 -19.57 -9.50,96.80 7.50 21.27
Base Bone 1.2_V02_middlefinger_left.SLDPRT,0,0,1340,0.00 -10.50 -7.50,96.80 10.50 0.00,96.80 x 21.00 x 7.50,0.00 -0.00 -10.50,96.80 7.50 10.50
Base Bone 1.2_V02_middlefinger_right.SLDPRT,0,0,1322,0.00 -10.50 -0.00,96.80 10.50 7.50,96.80 x 21.00 x 7.50,0.00 -7.50 -10.50,96.80 0.00 10.50
Base Bone 1.2_V02_pinky.SLDPRT,1,0,17051,-0.00 -10.50 -7.50,96.80 10.50 7.50,96.80 x 21.00 x 15.00,-0.00 -7.50 -10.50,96.80 7.50 10.50
Base Bone 1.2_V02_pinky_left.SLDPRT,0,0,1404,-0.00 -10.50 -7.50,96.80 10.50 0.00,96.80 x 21.00 x 7.50,-0.00 -0.00 -10.50,96.80 7.50 10.50
Base Bone 1.2_V02_pinky_right.SLDPRT,0,0,1370,0.00 -10.50 -0.00,96.80 10.50 7.50,96.80 x 21.00 x 7.50,0.00 -7.50 -10.50,96.80 0.00 10.50
Base Bone 1.2_V02_pointerfinger_and_thumb_attachment.SLDPRT,1,0,16119,0.00 -10.50 -7.50,96.80 10.50 7.50,96.80 x 21.00 x 15.00,0.00 -7.50 -10.50,96.80 7.50 10.50
Base Bone 1.2_V02_pointerfinger_and_thumb_attachment_flexmoldhidden.SLDPRT,0,0,7508,-0.01 -10.50 -7.57,96.80 19.66 19.66,96.81 x 30.16 x 27.24,-0.01 -19.66 -10.50,96.80 7.57 19.66
Base Bone 1.2_V02_pointerfinger_and_thumb_attachment_indep.SLDPRT,0,0,0,,,,,
Base Bone 1.2_V02_pointerfinger_and_thumb_attachment_left.SLDPRT,0,0,2236,-0.00 -10.50 -7.57,96.80 12.02 0.00,96.80 x 22.52 x 7.57,-0.00 -0.00 -10.50,96.80 7.57 12.02
Base Bone 1.2_V02_pointerfinger_and_thumb_attachment_right.SLDPRT,0,0,3928,-0.00 -10.50 -0.00,96.80 19.66 19.66,96.80 x 30.16 x 19.66,-0.00 -19.66 -10.50,96.80 0.00 19.66
Base Bone 1.2_V02_ringfing.SLDPRT,1,0,13077,0.00 -10.50 -7.50,96.80 10.50 7.50,96.80 x 21.00 x 15.00,0.00 -7.50 -10.50,96.80 7.50 10.50
Base Bone 1.2_V02_ringfing_left.SLDPRT,0,0,1342,0.00 -10.50 -7.50,96.80 10.50 0.00,96.80 x 21.00 x 7.50,0.00 -0.00 -10.50,96.80 7.50 10.50
Base Bone 1.2_V02_ringfing_right.SLDPRT,0,0,1324,0.00 -10.50 -0.00,96.80 10.50 7.50,96.80 x 21.00 x 7.50,0.00 -7.50 -10.50,96.80 0.00 10.50
Base Bone 1.2_V02_thumb.SLDPRT,0,0,2710,0.00 -9.50 -7.50,96.80 9.50 7.50,96.80 x 19.00 x 15.00,0.00 -7.50 -9.50,96.80 7.50 9.50
Metacarpal Bone_V02_thumb.SLDPRT,0,1,15288,-11.72 -7.50 -7.50,64.50 7.50 7.50,76.22 x 15.00 x 15.00,-11.72 -7.50 -7.50,64.50 7.50 7.50
MiniFan/MotorHouse.SLDPRT,0,0,73838,-15.00 -0.00 -15.00,15.00 7.00 15.00,30.00 x 7.00 x 30.00,-15.00 -15.00 -0.00,15.00 15.00 7.00
Shell1.SLDPRT,1,0,6980,-56.05 -0.00 -0.00,54.44 66.45 120.00,110.48 x 66.45 x 120.00,-56.05 -120.00 -0.00,54.44 0.00 66.45
Shell1cavforbatt.SLDPRT,0,1,2540,-56.05 -0.00 -0.00,54.44 66.45 120.00,110.48 x 66.45 x 120.00,-56.05 -120.00 -0.00,54.44 0.00 66.45
Shell2.SLDPRT,1,0,17828,-41.56 32.41 -0.00,51.63 69.00 120.00,93.19 x 36.59 x 120.00,-41.56 -120.00 32.41,51.63 0.00 69.00
Shell_batt_case_hold.SLDPRT,0,0,9502,-40.90 46.88 30.00,39.10 74.44 112.00,80.00 x 27.56 x 82.00,-40.90 -112.00 46.88,39.10 -30.00 74.44
TR Fastenings Ltd-M1_6X3mm.sldprt,9,0,10454,-1.67 -1.67 -4.30,1.67 1.67 -0.02,3.33 x 3.34 x 4.28,-1.67 0.02 -1.67,1.67 4.30 1.67
battery_FINAL_6v_28mAh.SLDPRT,1,0,178,-35.00 0.00 -25.50,35.00 14.50 25.50,70.00 x 14.50 x 51.00,-35.00 -25.50 0.00,35.00 25.50 14.50
battery_cover_better.SLDPRT,1,0,1664,-48.05 -2.96 -6.00,48.23 16.70 63.40,96.28 x 19.66 x 69.40,-48.05 -63.40 -2.96,48.23 6.00 16.70
battery_tolerance_shell.SLDPRT,0,0,1562,-4.20 0.00 -14.20,4.20 46.40 14.20,8.40 x 46.40 x 28.40,-4.20 -14.20 0.00,4.20 14.20 46.40
cav_battery_FINAL_6v_28mAh.SLDPRT,1,0,190,-35.25 -0.00 -25.75,35.25 15.00 25.75,70.50 x 15.00 x 51.50,-35.25 -25.75 -0.00,35.25 25.75 15.00
cover_back.SLDPRT,1,0,5336,0.00 0.00 -0.00,79.09 56.43 4.50,79.09 x 56.43 x 4.50,0.00 -4.50 0.00,79.09 0.00 56.43
driver_cav.SLDPRT,0,1,24,-12.60 -10.75 0.00,12.60 10.75 2.50,25.20 x 21.50 x 2.50,-12.60 -2.50 -10.75,12.60 0.00 10.75
driver_hole.SLDPRT,0,11,254,-1.25 -1.25 0.00,1.25 1.25 5.00,2.50 x 2.50 x 5.00,-1.25 -5.00 -1.25,1.25 0.00 1.25
driver_side_palm_cover1.SLDPRT,0,0,6868,-74.21 -24.50 -15.33,33.90 28.37 4.50,108.10 x 52.87 x 19.83,-74.21 -4.50 -24.50,33.90 15.33 28.37
driver_side_palm_cover2.SLDPRT,1,0,8554,-74.21 -24.50 -15.33,33.90 28.37 4.50,108.10 x 52.87 x 19.83,-74.21 -4.50 -24.50,33.90 15.33 28.37
driver_side_palm_cover3.SLDPRT,1,0,6890,-74.10 -39.38 -17.87,5.67 28.37 4.50,79.77 x 67.75 x 22.37,-74.10 -4.50 -39.38,5.67 17.87 28.37
endfingpart_string_holder.SLDPRT,0,0,258,-1.40 -1.40 0.00,1.40 1.40 10.00,2.80 x 2.80 x 10.00,-1.40 -10.00 -1.40,1.40 0.00 1.40
flex_holering.SLDPRT,0,0,2204,-6.36 -2.36 -6.37,6.36 2.36 6.37,12.71 x 4.72 x 12.75,-6.36 -6.37 -2.36,6.36 6.37 2.36
hand_pulley_wheel1.SLDPRT,8,0,9372,-11.25 -0.00 -11.25,11.25 5.00 11.25,22.50 x 5.00 x 22.50,-11.25 -11.25 -0.00,11.25 11.25 5.00
hand_pulley_wheel22.SLDPRT,8,0,9020,-11.25 -0.00 -11.25,11.25 12.50 11.25,22.49 x 12.50 x 22.50,-11.25 -11.25 -0.00,11.25 11.25 12.50
hand_pulley_wheel_newcut.SLDPRT,0,0,1008,-5.14 0.00 -3.70,5.14 12.50 17.49,10.28 x 12.50 x 21.19,-5.14 -17.49 0.00,5.14 3.70 12.50
hand_pulley_wheel_newcut_short.SLDPRT,0,0,464,-4.53 0.00 -3.70,4.53 4.00 17.50,9.06 x 4.00 x 21.20,-4.53 -17.50 0.00,4.53 3.70 4.00
m1.6 Nut .35mm pitch.SLDPRT,9,0,6570,-1.60 -0.00 -1.85,1.60 1.30 1.85,3.21 x 1.30 x 3.70,-1.60 -1.85 -0.00,1.60 1.85 1.30
motor_cav_tolerances.SLDPRT,0,16,394,-6.50 -5.55 -20.00,6.50 25.96 10.50,13.00 x 31.51 x 30.50,-6.50 -10.50 -5.55,6.50 20.00 25.96
nut_holder.SLDPRT,0,0,182,-3.18 -2.00 -2.75,3.18 1.60 2.75,6.36 x 3.60 x 5.50,-3.18 -2.75 -2.00,3.18 2.75 1.60
rod.SLDPRT,0,0,778,-2.50 -2.50 0.00,2.50 2.50 15.00,5.00 x 5.00 x 15.00,-2.50 -15.00 -2.50,2.50 0.00 2.50
side_and_knuckle_stringholes.SLDPRT,0,4,2630,-100.39 -8.77 64.09,-72.53 0.22 87.64,27.86 x 8.99 x 23.55,-100.39 -87.64 -8.77,-72.53 -64.09 0.22
string_3dhole1.SLDPRT,0,2,3910,-59.09 -14.45 -4.16,47.49 5.44 4.45,106.59 x 19.89 x 8.61,-59.09 -4.45 -14.45,47.49 4.16 5.44
string_3dhole2.SLDPRT,0,1,3910,-63.09 -14.45 -4.16,47.57 5.44 4.45,110.66 x 19.89 x 8.61,-63.09 -4.45 -14.45,47.57 4.16 5.44
string_puller.SLDPRT,0,0,500,-10.00 0.00 -10.00,10.00 10.00 10.00,20.00 x 10.00 x 20.00,-10.00 -10.00 0.00,10.00 10.00 10.00
string_puller1.SLDPRT,0,0,500,-10.00 0.00 -10.00,10.00 10.00 10.00,20.00 x 10.00 x 20.00,-10.00 -10.00 0.00,10.00 10.00 10.00
string_puller2.SLDPRT,0,0,622,-10.00 0.00 -10.00,10.00 10.00 10.00,20.00 x 10.00 x 20.00,-10.00 -10.00 0.00,10.00 10.00 10.00
thumb_attachment.SLDPRT,0,0,296,-56.26 -0.00 -64.93,-2.54 1.00 -18.03,53.71 x 1.00 x 46.90,-56.26 18.03 -0.00,-2.54 64.93 1.00
thumb_ball_joint_cap.SLDPRT,0,1,2102,-8.50 -8.50 -1.00,8.50 8.50 6.00,17.00 x 17.00 x 7.00,-8.50 -6.00 -8.50,8.50 1.00 8.50
tube_curved.SLDPRT,0,0,3592,18.42 -1.00 -5.78,142.76 1.00 1.00,124.33 x 2.00 x 6.78,18.42 -1.00 -1.00,142.76 5.78 1.00
usb_cav.SLDPRT,0,1,24,0.00 -4.10 -2.10,10.50 4.10 2.10,10.50 x 8.20 x 4.20,0.00 -2.10 -4.10,10.50 2.10 4.10
