instance,model,hidden,groove_centre_os,axis_os(wheel->hub),hub_end_os,outer_diameter,groove_bottom_diameter,groove_width,total_width,bore,d_flat_normal_os(as modelled),driven_by,groove_along_shaft_from_shaft_centre_mm(model+z),axis_angle_to_shaft_deg,radial_offset_mm,orientation
hand_pulley_wheel22-4,hand_pulley_wheel22,False,-155.68 -0.25 -34.31,0.5143 0.0000 0.8576,-150.28 -0.25 -25.31,22.5,21.0,2.0,12.5,"D Ø3.4, 3.0 across flat",0.858 0.000 -0.514,GM12-N20-双出轴-Motor.STEP-9,16.5,0.0,0.0,hub faces the gearbox
hand_pulley_wheel22-6,hand_pulley_wheel22,False,-129.17 -0.25 -34.31,0.5143 0.0000 0.8576,-123.77 -0.25 -25.31,22.5,21.0,2.0,12.5,"D Ø3.4, 3.0 across flat",0.858 0.000 -0.514,GM12-N20-双出轴-Motor.STEP-21,16.5,0.0,0.0,hub faces the gearbox
hand_pulley_wheel22-7,hand_pulley_wheel22,False,-109.24 -0.25 -34.31,0.5143 0.0000 0.8576,-103.84 -0.25 -25.31,22.5,21.0,2.0,12.5,"D Ø3.4, 3.0 across flat",0.858 0.000 -0.514,GM12-N20-双出轴-Motor.STEP-20,16.5,0.0,0.0,hub faces the gearbox
hand_pulley_wheel22-8,hand_pulley_wheel22,False,-89.31 -0.25 -34.31,0.5143 0.0000 0.8576,-83.91 -0.25 -25.31,22.5,21.0,2.0,12.5,"D Ø3.4, 3.0 across flat",0.858 0.000 -0.514,GM12-N20-双出轴-Motor.STEP-19,16.5,0.0,0.0,hub faces the gearbox
hand_pulley_wheel1-8,hand_pulley_wheel1,False,-151.75 -18.58 -27.73,0.5123 -0.0448 0.8576,-150.21 -18.72 -25.15,22.5,21.0,2.0,5.0,"D Ø3.4, 3.0 across flat",0.854 -0.075 -0.514,GM12-N20-双出轴-Motor.STEP-6,-9.0,0.0,0.3,hub faces the gearbox
hand_pulley_wheel1-7,hand_pulley_wheel1,False,-125.09 -20.92 -27.88,0.5123 -0.0448 0.8576,-123.55 -21.05 -25.31,22.5,21.0,2.0,5.0,"D Ø3.4, 3.0 across flat",0.854 -0.075 -0.514,GM12-N20-双出轴-Motor.STEP-17,9.0,0.0,0.0,hub faces the gearbox
hand_pulley_wheel22-5,hand_pulley_wheel22,False,-157.56 -36.16 -34.31,0.5065 -0.0893 0.8576,-152.24 -37.10 -25.31,22.5,21.0,2.0,12.5,"D Ø3.4, 3.0 across flat",0.845 -0.149 -0.514,GM12-N20-双出轴-Motor.STEP-8,16.5,0.0,0.0,hub faces the gearbox
hand_pulley_wheel1-4,hand_pulley_wheel1,False,-105.23 -22.65 -27.88,0.5123 -0.0448 0.8576,-103.69 -22.79 -25.31,22.5,21.0,2.0,5.0,"D Ø3.4, 3.0 across flat",0.854 -0.075 -0.514,GM12-N20-双出轴-Motor.STEP-16,9.0,0.0,0.0,hub faces the gearbox
hand_pulley_wheel1-2,hand_pulley_wheel1,False,-85.38 -24.39 -27.88,0.5123 -0.0448 0.8576,-83.84 -24.52 -25.31,22.5,21.0,2.0,5.0,"D Ø3.4, 3.0 across flat",0.854 -0.075 -0.514,GM12-N20-双出轴-Motor.STEP-15,9.0,0.0,0.0,hub faces the gearbox
hand_pulley_wheel22-3,hand_pulley_wheel22,False,-131.45 -40.76 -34.31,0.5065 -0.0893 0.8576,-126.14 -41.70 -25.31,22.5,21.0,2.0,12.5,"D Ø3.4, 3.0 across flat",0.845 -0.149 -0.514,GM12-N20-双出轴-Motor.STEP-11,16.5,0.0,0.0,hub faces the gearbox
hand_pulley_wheel22-2,hand_pulley_wheel22,False,-111.83 -44.22 -34.31,0.5065 -0.0893 0.8576,-106.51 -45.16 -25.31,22.5,21.0,2.0,12.5,"D Ø3.4, 3.0 across flat",0.845 -0.149 -0.514,GM12-N20-双出轴-Motor.STEP-12,16.5,0.0,0.0,hub faces the gearbox
hand_pulley_wheel22-1,hand_pulley_wheel22,False,-92.20 -47.68 -34.31,0.5065 -0.0893 0.8576,-86.88 -48.62 -25.31,22.5,21.0,2.0,12.5,"D Ø3.4, 3.0 across flat",0.845 -0.149 -0.514,GM12-N20-双出轴-Motor.STEP-14,16.5,0.0,0.0,hub faces the gearbox
hand_pulley_wheel1-6,hand_pulley_wheel1,False,-157.60 -54.78 -27.88,0.4967 -0.1331 0.8576,-156.11 -55.18 -25.31,22.5,21.0,2.0,5.0,"D Ø3.4, 3.0 across flat",0.828 -0.222 -0.514,GM12-N20-双出轴-Motor.STEP-2,9.0,0.0,0.0,hub faces the gearbox
hand_pulley_wheel1-5,hand_pulley_wheel1,False,-132.00 -61.64 -27.88,0.4967 -0.1331 0.8576,-130.51 -62.04 -25.31,22.5,21.0,2.0,5.0,"D Ø3.4, 3.0 across flat",0.828 -0.222 -0.514,GM12-N20-双出轴-Motor.STEP-3,9.0,0.0,0.0,hub faces the gearbox
hand_pulley_wheel1-3,hand_pulley_wheel1,False,-112.75 -66.80 -27.88,0.4967 -0.1331 0.8576,-111.26 -67.20 -25.31,22.5,21.0,2.0,5.0,"D Ø3.4, 3.0 across flat",0.828 -0.222 -0.514,GM12-N20-双出轴-Motor.STEP-4,9.0,0.0,0.0,hub faces the gearbox
hand_pulley_wheel1-1,hand_pulley_wheel1,False,-93.50 -71.96 -27.88,0.4967 -0.1331 0.8576,-92.01 -72.36 -25.31,22.5,21.0,2.0,5.0,"D Ø3.4, 3.0 across flat",0.828 -0.222 -0.514,GM12-N20-双出轴-Motor.STEP-5,9.0,0.0,0.0,hub faces the gearbox
